STREET ADDRESS,SORT CODE,CITY RTE
END VIDALIA CITY 1 ###########,2,1
PIX FAST FOTO,3602,4
210 W. TOOMBS ST.,2008,2
201 E. 3RD ST.,4,1
304 E. 2ND ST.,138,1
214 MOSLEY ST.,298,1
303 GREEN ST,306,1
305 GREEN ST,308,1
307 GREEN ST,310,1
309 GREEN ST,312,1
311 GREEN ST,314,1
400 GREEN ST,430,1
500 GREEN ST.,414,1
404B GREEN ST.,424,1
205 W. TOOMBS ST.,2036,2
408 GREEN ST,422,1
403 GREEN ST,318,1
407 GREEN ST,320,1
409 GREEN ST,322,1
410 GREEN ST,420,1
403 W 1ST ST.,1080,2
412 GREEN ST,418,1
414 GREEN ST,416,1
501 GREEN ST,328,1
406 E 4TH ST,324,1
404 E 4TH ST,326,1
407 MOSLEY ST,150,1
410 MOSLEY ST,274,1
1900 O'NEAL CIRCLE,852,1
404 MOSLEY ST,280,1
401 MOSLEY ST,146,1
403 E 3RD ST,284,1
301 MOSLEY ST,142,1
408 SW MAIN ST.,1092,2
404-A GREEN ST.,426,1
306 DURDEN ST,132,1
904 ADAMS ST.,5882,5
400 E 2ND ST.,300,1
300 E 3RD ST,124,1
206 E 4TH ST,5388,5
205 E 4TH ST,5384,5
410 JACKSON ST,5392,2
408 JACKSON ST,5394,5
404 JACKSON ST,5398,5
400 JACKSON APT.1,5400,5
400 JACKSON APT.2,5402,5
400 JACKSON APT.3,5404,5
812 MCLEMORE,1062,1
710 DIXIE DR,2094,2
605 JACKSON ST,5278,5
605.5 DURDEN ST.,34,1
502 MOSLEY ST.,272,1
707 JACKSON ST,5304,5
800 JACKSON ST,5344,5
708 JACKSON ST,5350,5
706 JACKSON ST,5352,5
608 JACKSON ST,5364,5
606 JACKSON ST,5366,5
600 JACKSON ST,5368,5
205 E 5TH ST,5370,5
207 E 5TH ST,5372,5
508 JACKSON APT.1,5374,5
500 JACKSON ST,5382,5
305 E 4TH ST,100,1
307 E 4TH ST,102,1
306 E 4TH ST,104,1
406 DURDEN ST. APT-A,114,1
404 DURDEN ST,116,1
401 DURDEN ST,8,1
501 MOSLEY ST.,156,1
408 MOSLEY ST.,276,1
503 DURDEN ST,22,1
509 DURDEN ST,26,1
607 DURDEN ST,36,1
406 MOSLEY ST.,278,1
208 E 6TH ST,5362,5
711 WARD ST,1988,2
703 DURDEN ST,42,1
707 DURDEN ST,46,1
709 DURDEN ST,48,1
711 DURDEN ST,50,1
808 DURDEN ST,58,1
303 E 7TH ST,64,1
801 MOSLEY ST,178,1
405 MOSLEY ST.,148,1
700 DURDEN ST,72,1
411 MOSLEY ST.,154,1
705 MOSLEY ST,172,1
306 E 6TH APT.1,78,1
610 DURDEN ST,80,1
602 DURDEN ST,84,1
600 DURDEN ST,86,1
508 DURDEN ST,88,1
506 DURDEN APT.A,92,1
506-B DURDEN ST,90,1
504-B DURDEN ST,96,1
504-A DURDEN ST,94,1
500 DURDEN ST,98,1
304 DURDEN ST.,134,1
1006 CHURCH ST,5748,5
901 CHURCH ST.,5496,5
907 CHURCH ST,5502,5
704 ADAMS ST.,5916,5
106 W 9TH ST,5512,5
104 W 9TH ST,5514,5
409 MOSLEY ST.,152,1
506 JACKSON ST.,5376,5
402 DURDEN ST.,118,1
109 W 10TH ST,5528,5
113 W 10TH ST,5530,5
114 W 10TH ST,5532,5
110 W 10TH ST,5536,5
108 W 10TH ST,5538,5
106 W 10TH ST,5540,5
100 W 10TH ST,5544,5
1101 CHURCH ST,5546,5
103 HILDALE CIR,5548,5
1205 CAROLINE DR,5554,5
108 GWENDOLYN RD,5566,5
106 GWENDOLYN RD,5568,5
706 WASHINGTON,3214,3
103 GWENDOLYN RD,5582,5
106 HILDALE CIR,5590,5
1201 CHURCH ST,5594,5
1203 CHURCH ST,5596,5
116 BEECHWOOD DR,5606,5
112 BEECHWOOD DR,5610,5
104 BEECHWOOD DR,5618,5
102 BEECHWOOD DR,5620,5
409 DURDEN ST.,16,1
107 REDWOOD DR,5630,5
109 REDWOOD DR,5632,5
902 GEORGIA ST.,1940,2
115 REDWOOD DR,5634,5
116 REDWOOD DR,5638,5
903 GEORGIA ST.,1856,2
1501 CHURCH ST,5648,5
END VIDALIA CITY 5 ###########,5258,5
103 CHERRYWOOD DR,5652,5
105 CHERRYWOOD DR,5654,5
109 CHERRYWOOD DR,5658,5
111 CHERRYWOOD DR,5660,5
113 CHERRYWOOD DR,5662,5
104 CHERRYWOOD DR,5666,5
501 DURDEN ST.,20,1
934 NORTHGATE CIRCLE,1882,2
1603 CHURCH ST,5672,5
1608 CHURCH ST,5680,5
1602 CHURCH ST,5684,5
END VIDALIA CITY 2 ###########,1070,2
1102 JACKSON ST,5334,5
1006 JACKSON ST,5336,5
1002 JACKSON ST,5338,5
909 CENTER DR,682,1
1201 BARRON ST,5736,5
609 DURDEN ST.,38,1
1401 BRUMMETTE ST.,5714,5
1405 BRUMMETTE ST,5716,5
306 LEWIS DR,5718,5
1301 BRUMMETTE ST,5710,5
306 VIOLET ST,5708,5
1200 BARRON ST,5732,5
1101 CENTER DR APT.1,688,1
1103 CENTER DR,690,1
1107 CENTER DR,694,1
1113 CENTER DR,696,1
1203 CENTER DR,702,1
1307 CENTER DR,706,1
606 WILLOW RD.,714,1
604 WILLOW RD,716,1
602 WILLOW RD,718,1
505 KISSINGBOWER RD,726,1
708 MOSLEY ST,234,1
609 MOSLEY ST,170,1
501 KISSINGBOWER RD,732,1
1800 IRENE ST,736,1
506 WILLOW RD,744,1
1700 IRENE ST,748,1
505 MARCLIFF RD,750,1
509 MARCLIFF RD,752,1
515 MARCLIFF RD,754,1
1507 FOREST HILL CIR,758,1
1504 FOREST HILL CIR,762,1
1700 RIDGEWOOD PL.,822,1
1406 FOREST HILL CIR,766,1
1301 CENTER DR.,774,1
702 DURDEN ST.,70,1
932 NORTHGATE CIRCLE,1884,2
1801 O'NEAL CIRCLE,834,1
1313 FOREST HILL CIR,780,1
505 LEWIS DR,5692,5
301 E. 6TH ST.,74,1
504 MARCLIFF RD,786,1
406 MARCLIFF RD,790,1
1807 IRENE ST,800,1
303 KISSINGBOWER RD,884,1
401 KISSINGBOWER RD,898,1
607 KISSINGBOWER RD,910,1
1710 LAKESIDE DR,912,1
1700 LAKESIDE DR APT.D,918,1
1700 LAKESIDE DR APT.C,920,1
307 E. 6TH ST.,76,1
905 JACKSON ST.,5322,5
830 ESTROFF DR,998,1
826 ESTROFF DR,1000,1
818 ESTROFF DR,1006,1
1400 CENTER DR,1020,1
805 MIXON DR,1022,1
1003 JACKSON ST.,5330,5
813 MIXON DR,1026,1
827 ESTROFF DR.,944,1
825 MIXON DR,1032,1
806 MIXON DR,1044,1
802 PINECREST DR,1048,1
803 MCLEMORE DR,1050,1
817 MCLEMORE DR,1058,1
808 MCLEMORE DR,1064,1
806 MCLEMORE DR,1066,1
1206 CENTER DR,198,1
1102 CENTER DR,206,1
1100 CENTER DR,208,1
1006 CENTER DR,212,1
1002 CHURCH ST.,5750,5
405 PINECREST DR,194,1
902 CHURCH ST.,5756,5
900 MOSLEY ST,220,1
810 MOSLEY ST,222,1
808 MOSLEY ST,224,1
806 MOSLEY ST,226,1
804 MOSLEY ST,228,1
804 CHURCH ST.,5760,5
1717 AMBERWOOD W.,832,1
702 MOSLEY ST,240,1
700.5 MOSLEY ST,242,1
403 E 6TH ST,248,1
405 E 6TH ST,250,1
610 MOSLEY ST,256,1
601 GREEN ST,262,1
506 MOSLEY ST,268,1
704 BAY ST.,538,1
607 MOSLEY ST.,168,1
709.5 MOSLEY ST,176,1
805 MOSLEY ST,180,1
403 E 8TH ST,360,1
903 GREEN ST,364,1
405 E 3RD ST.,286,1
907 GREEN ST,368,1
904 GREEN ST,374,1
308 MOSLEY ST.,288,1
608 WEST ST.,1674,2
909 BAY ST,664,1
510 3rd AVE.,2836,3
810 GREEN ST APT.1,378,1
804 GREEN ST,382,1
809 GREEN ST,356,1
708 GREEN ST,390,1
706 GREEN ST APT.1,392,1
701 GREEN ST,340,1
703 GREEN ST,342,1
707 GREEN ST,346,1
709 GREEN ST,348,1
306 MOSLEY ST.,290,1
606 GREEN ST.,400,1
1200 TODD ST.,1034,1
506 GREEN ST,410,1
502 GREEN ST,412,1
304 MOSLEY ST.,292,1
511 GREEN ST,336,1
703 2ND AVE,2510,3
302 MOSLEY ST.,294,1
501 ATLANTA AVE.,2340,3
300 MOSLEY ST.,296,1
903 CHURCH ST.,5498,5
108 W 9TH ST,5510,5
203 MONTGOMERY ST,1540,2
205 MONTGOMERY ST,1542,2
309 EVERETT ST,1600,2
315 EVERETT ST.,1602,2
303 PINE ST.,1562,2
1001 CHURCH ST.,5518,5
302 DURDEN ST.,136,1
308 DURDEN ST.,130,1
213 PINE ST.,1534,2
810 E. 4TH ST.,3844,4
304 W 3RD ST.,6110,5
202 EVERETT ST.,1572,2
204 EVERETT ST.,1570,2
206-A EVERETT ST.,1568,2
203 EVERETT ST.,1588,2
205 EVERETT,1590,2
207 EVERETT ST.,1592,2
206-B EVERETT ST.,1566,2
209 EVERETT ST.,1594,2
211 EVERETT ST.,1596,2
209 MONTGOMERY ST.,1564,2
307 N MONTGOMERY ST.,1544,2
309 N. MONTGOMERY ST.,1546,2
311 N MONTGOMERY ST.,1548,2
313 N MONTGOMERY ST.,1550,2
315 N MONTGOMERY ST.,1552,2
215 W. JENKINS ST.,1482,2
214 W. JENKINS ST.,1484,2
211 W JENKINS ST,1478,2
209 W. JENKINS ST.,1476,2
208 W. JENKINS ST.,1490,2
205 W. JENKINS ST.,1474,2
404 MONTGOMERY ST.,1492,2
402 MONTGOMERY ST.,1494,2
400 MONTGOMERY ST.,1496,2
206 SAVANNAH AVE.,1504,2
208 SAVANNAH AVE.,1506,2
207 SAVANNAH AVE.,1508,2
205 SAVANNAH AVE.,1510,2
203 SAVANNAH AVE.,1512,2
201 SAVANNAH AVE.,1518,2
204 SAVANNAH AVE.,1514,2
202 SAVANNAH AVE.,1516,2
304 THOMPSON ST.,1520,2
302 THOMPSON ST.,1522,2
208 THOMPSON ST.,1524,2
206 THOMPSON ST.,1526,2
205 THOMPSON ST.,1429,2
207 THOMPSON ST.,1429,2
301 THOMPSON ST.,1429,2
307-A THOMPSON ST.,1429,2
307-B THOMPSON ST.,1429,2
311 THOMPSON ST.,1429,2
400 THOMPSON ST.,1472,2
402 THOMPSON ST.,1470,2
405 THOMPSON ST.,1429,2
401 THOMPSON ST.,1429,2
111 W. JENKINS ST.,1429,2
110 W. JENKINS ST.,1429,2
109 JENKINS ST.,1429,2
100 EVERETT ST.,1580,2
104 EVERETT ST.,1578,2
206 VIRGINIA WAY,5044,4
106 EVERETT ST.,1576,2
110 EVERETT ST.,1574,2
113 EVERETT ST.,1584,2
520 THOMPSON ST.,1440,2
208 E 4TH ST.,5386,5
516 THOMPSON ST.,1442,2
510 THOMPSON ST.,1444,2
506 THOMPSON ST. APT 2,1448,2
404 THOMPSON ST,1468,2
202 OAK ST.,1466,2
204 OAK ST.,1464,2
207 OAK ST.,1452,2
206 OAK ST.,1462,2
411 JACKSON ST.,5264,5
208 OAK ST.,1460,2
210 OAK ST.,1458,2
213 OAK ST.,1456,2
509 N. MONTGOMERY ST.,1554,2
511 N. MONTGOMERY ST.,1556,2
512 N. MONTGOMERY ST.,1558,2
304 PEACHTREE ST.,1712,2
301 PEACHTREE ST.,1764,2
303 PEACHTREE ST.,1766,2
804 E. 4TH ST.,3850,4
403 PEACHTREE ST.,1774,2
204 E 4TH ST.,5390,5
405 PEACHTREE ST.,1776,2
404 PEACHTREE ST.,1706,2
300 PINE ST,1560,2
411 PEACHTREE ST.,1778,2
609 WEST ST.,1668,2
407 NORTH ST APT 2,1836,2
215 PINE ST,1538,2
206 PINE ST,1536,2
402 NORTH ST. APT 2,1814,2
311 NORTH ST.,1830,2
307 NORTH ST.,1828,2
306 NORTH ST.,1820,2
308 NORTH ST.,1818,2
302 NORTH ST.,1822,2
301 NORTH ST.,1826,2
210 NORTH ST.,1824,2
612 N. MONTGOMERY ST.,1756,2
508 MCINTOSH ST,1426,2
609 N. MONTGOMERY ST. APT,1750,2
604 N. MONTGOMERY ST.,1760,2
602 N. MONTGOMERY ST.,1762,2
607 N. MONTGOMERY ST.,1748,2
605 N. MONTGOMERY ST.,1746,2
601 N. MONTGOMERY ST.,1744,2
209 PEACHTREE ST.,1738,2
210 PEACHTREE ST.,1718,2
206 PEACHTREE ST.,1722,2
208 PEACHTREE ST.,1720,2
203 PEACHTREE ST.,1732,2
205 PEACHTREE ST.,1734,2
201 PEACHTREE ST.,1730,2
104 PEACHTREE ST.,1724,2
107 PEACHTREE ST.,1726,2
109 PEACHTREE ST.,1728,2
604 THOMPSON ST.,1436,2
602 THOMPSON ST.,1438,2
611 THOMPSON ST.,1430,2
613 THOMPSON ST. APT 2,1432,2
610 THOMPSON ST.,1434,2
610 MC INTOSH ST.,1420,2
516 MC INTOSH ST.,1424,2
211 PEACHTREE ST,1740,2
502-A  MC INTOSH ST.,1428,2
500-A MC INTOSH ST.,1429,2
309 3RD AVE.,2706,3
406 MC INTOSH ST,1429,2
401 MC INTOSH ST.,1390,2
305 THOMPSON ST,1429,2
415 MC INTOSH ST.,1398,2
501 MC INTOSH ST.,1400,2
505 MC INTOSH ST.,1402,2
507 MC INTOSH ST.,1404,2
509 MC INTOSH ST.,1406,2
300 PEACHTREE ST,1714,2
207 PINE ST.,1530,2
402 NORTH ST. APT 2,3260,3
1101 PEACOCK ST.,3290,3
303 11TH AVE.,3288,3
1008 ROOSEVELT ST.,3318,3
1004 ROOSEVELT ST,3320,3
1007 ROOSEVELT ST,3350,3
908 ROOSEVELT ST,3322,3
906 ROOSEVELT ST,3324,3
904 ROOSEVELT ST,3326,3
900 ROOSEVELT ST,3328,3
808 ROOSEVELT ST,3330,3
804 ROOSEVELT ST,3332,3
802 ROOSEVELT ST.,3334,3
706 ROOSEVELT ST,3338,3
711 PEACOCK ST,3262,3
801 PEACOCK ST,3264,3
803 PEACOCK ST,3266,3
903 PEACOCK ST,3272,3
905 PEACOCK ST,3274,3
1003 PEACOCK ST,3280,3
1005 PEACOCK ST,3282,3
1100 ROOSEVELT ST.,3316,3
1102 ROOSEVELT ST.,3314,3
1105 ROOSEVELT ST.,3354,3
1110 ROOSEVELT ST.,3310,3
1109 ROOSEVELT ST.,3356,3
404 12TH AVE.,3362,3
100 A. E. 6TH ST.,5294,5
1201 ROOSEVELT ST.,3364,3
1202 ROOSEVELT ST.,3306,3
1207 ROOSEVELT ST.,3368,3
1204 ROOSEVELT ST.,3304,3
1206 ROOSEVELT ST.,3302,3
1210 ROOSEVELT ST.,3300,3
908 NORTHGATE CIRCLE,1902,2
1301 ROOSEVELT ST.,3374,3
1302 ROOSEVELT ST.,3376,3
300 13TH AVE.,3378,3
1205 PEACOCK ST.,3296,3
1203 PEACOCK ST.,3294,3
1201 PEACOCK ST.,3292,3
212 PATRICK ST.,3426,3
210 PATRICK ST.,3428,3
200 PATRICK ST.,3438,3
208 PATRICK ST.,3430,3
206 PATRICK ST.,3432,3
204 PATRICK ST.,3434,3
205 PATRICK ST.,3444,3
207 PATRICK ST.,3446,3
209 PATRICK ST.,3448,3
211 PATRICK ST.,3450,3
201 PATRICK ST.,3440,3
406 JACKSON ST.,5396,5
203 PATRICK ST.,3442,3
213 PATRICK ST.,3452,3
204 WILKSHIRE ST.,3380,3
203 WILKSHIRE ST.,3386,3
215 WILKSHIRE ST.,3390,3
214 DEXTER ST.,3392,3
104 DEXTER ST.,3404,3
100 DEXTER ST.,3406,3
210 DEXTER ST.,3394,3
208 DEXTER ST.,3396,3
204 DEXTER ST.,3398,3
200 DEXTER ST.,3400,3
103 DEXTER ST.,3408,3
107 DEXTER ST.,3410,3
205 DEXTER ST.,3412,3
207 DEXTER ST.,3414,3
209 DEXTER ST.,3416,3
211 DEXTER ST.,3418,3
213 DEXTER ST.,3420,3
215 DEXTER ST.,3422,3
217 DEXTER ST.,3424,3
1000 MORRIS ST.,3454,3
800 PEACOCK ST.,3456,3
802 PEACOCK ST.,3458,3
804 PEACOCK ST.,3460,3
806 PEACOCK ST.,3462,3
900 PEACOCK ST.,3464,3
902 PEACOCK ST.,3466,3
904 PEACOCK ST.,3468,3
906 PEACOCK ST.,3470,3
908 PEACOCK ST.,3472,3
910 PEACOCK ST.,3474,3
200 LEE ST.,3478,3
202 LEE ST.,3482,3
203 LEE ST.,3480,3
204 LEE ST.,3486,3
205 LEE ST.,3483,3
206 LEE ST.,3490,3
207 LEE ST.,3488,3
208 LEE ST.,3494,3
209 LEE ST.,3492,3
210 LEE ST.,3498,3
212 LEE ST.,3502,3
213 LEE ST.,3500,3
200 JONES ST.,3508,3
202 JONES ST.,3510,3
204 JONES ST.,3514,3
205 JONES ST.,3512,3
206 JONES ST.,3518,3
207 JONES ST.,3516,3
208 JONES ST.,3522,3
209 JONES ST.,3520,3
210 JONES ST.,3526,3
211 JONES ST.,3524,3
204 TOOMBS ST.,3530,3
205 TOOMBS ST.,3528,3
206 TOOMBS ST.,3534,3
207 TOOMBS ST.,3532,3
208 TOOMBS ST.,3536,3
210 TOOMBS ST.,3538,3
709 MORRIS ST.,3540,3
711 MORRIS ST.,3542,3
801 MORRIS ST.,3544,3
803 MORRIS ST.,3546,3
805 MORRIS ST.,3548,3
807 MORRIS ST.,3550,3
900 MORRIS ST.,3552,3
903 MORRIS ST..,3556,3
905 MORRIS ST.,3560,3
906 MORRIS ST.,3562,3
908 MORRIS ST.,3564,3
910 MORRIS ST.,3566,3
806 MORRIS ST.,3570,3
808 MORRIS ST.,3568,3
804 MORRIS ST.,3572,3
802 MORRIS ST.,3574,3
800 MORRIS ST.,3576,3
714 MORRIS ST.,3580,3
712 MORRIS ST.,3582,3
710 MORRIS ST.,3584,3
708 MORRIS ST.,3586,3
706 MORRIS ST.,3588,3
704 MORRIS ST.,3590,3
716 MORRIS ST.,3578,3
200 NORTH ST.,3592,3
102 NORTH ST.,3594,3
113 BEECHWOOD DR.,5560,5
100 W. TOOMBS ST.,2026,2
102 MABETH ST.,5562,5
108 W. TOOMBS ST.,2024,2
201 W. TOOMBS ST.,2034,2
706 THOMPSON ST.,2012,2
700 THOMPSON ST.,2014,2
705 THOMPSON ST.,2016,2
707 THOMPSON ST.,2018,2
709 THOMPSON ST.,2020,2
706 N. MONTGOMERY ST.,1998,2
709 N MONTGOMERY ST.,2004,2
403 JACKSON ST.,5260,5
609 E. 6TH ST.,488,1
402 W. TOOMBS ST,1980,2
400 W TOOMBS ST,1982,2
315-A W TOOMBS ST,2044,2
407 W TOOMBS ST,2054,2
706 WARD ST,1984,2
612 WARD ST,1606,2
608 WARD ST,1608,2
900 W FIRST ST.,1376,2
508 WARD ST,1614,2
505 WARD ST,1604,2
403 TRUETTE ST,1618,2
404 TRUITT AVE,1620,2
309.5 KENWORTH ST.,6292,5
400 TRUITT AVE,1624,2
406 WARD ST,1626,2
308 WARD ST,1630,2
306  WARD ST,1632,2
303 ORANGE ST,1634,2
305 ORANGE ST,1636,2
311 ORANGE ST,1638,2
317 ORANGE ST,1642,2
407 JACKSON ST.,5262,5
401 WEST ST,1646,2
405 WEST ST APT 2,1648,2
507 WEST ST,1654,2
509 WEST ST,1666,2
504 PEACHTREE ST,1700,2
502 PEACHTREE ST,1702,2
1404 CENTER DR.,1018,1
510 WEST ST.,1678,2
608 DIXIE DR,2098,2
504.5 WEST ST,1682,2
504 WEST ST,1684,2
1307 CHURCH ST.,5574,5
511 JACKSON ST.,5272,5
102 W. 4TH ST.,5410,5
511 CHURCH ST.,5430,5
105 W. 5TH ST.,5434,5
107 W. 5TH ST. APT.1,5436,5
109 W. 5TH ST. APT.1,5438,5
111 W. 5TH ST.,5440,5
110 W. 5TH ST.,5442,5
108 W. 5TH ST.,5444,5
829 BARKSDALE,974,1
603-A CHURCH ST.,5446,5
707 CHURCH ST.,5480,5
1015-A MT. VERNON RD.,1118,2
601 JACKSON ST.,5274,5
609 CHURCH ST.,5452,5
611 CHURCH ST.,5454,5
105 W. 6TH ST.,5458,5
107 W. 6TH ST.,5460,5
109 W. 6TH ST.,5462,5
701 CHURCH ST.,5476,5
703 CHURCH ST.,5478,5
501 CHURCH ST,5412,5
1015-B MT. VERNON RD.,1120,2
104 W. 7TH ST.,5488,5
101 E. 7TH ST.,5310,5
815 BARKSDALE,972,1
1103 MT. VERNON RD.,1122,2
111 W 6TH ST,5464,5
1311 CHURCH ST.,5598,5
706-A CHURCH ST.,5762,5
706-C CHURCH ST.,5766,5
809 BARKSDALE,968,1
101 W 6TH ST,5456,5
605 CHURCH ST.,5450,5
103 W 5TH ST,5432,5
503-H CHURCH ST.,5428,5
503-G CHURCH ST,5426,5
407.5 W FIRST ST. APT.1,1084,2
409 W. 1ST ST.,1086,2
413 W. 1ST ST.,1090,2
204 AMBERWOOD DR.,814,1
406 MAIN ST NW,1094,2
404 MAIN ST. NW,1096,2
402 MAIN ST. NW,1098,2
1606-B NORTHSIDE DR.,1302,2
106 AMBERWOOD DR.         xxxx,818,1
203 COLLEGE ST.,1384,2
306 MAIN ST. NW,1104,2
304 MAIN ST. NW,1106,2
302 MAIN ST. NW,1108,2
1606-A NORTHSIDE DR.,1304,2
503-B CHURCH ST.,5416,5
503 ADAMS ST.,5802,5
505 ADAMS ST.,5804,5
509 ADAMS ST.,5808,5
601 ADAMS ST.,5810,5
202 W. 5TH ST.,5932,5
204 W. 5TH ST.,5930,5
508 ADAMS ST.,5936,5
506 ADAMS ST.,5938,5
502-B ADAMS ST.,5942,5
503-A CHURCH ST.,5414,5
406 W FIRST ST,1380,2
503-C CHURCH ST.,5418,5
204 W. 4TH ST.,5952,5
202 W. 4TH ST.,5954,5
200 W. 4TH ST.,5956,5
718 E 7th ST,604,1
406-A ADAMS ST.,5960,5
404-B ADAMS ST.,5962,5
404-A ADAMS ST.,5964,5
603 ADAMS ST.,5812,5
605.5 ADAMS ST.,5816,5
605 ADAMS ST.,5814,5
208 W. 6TH ST.,5472,5
1500 FORREST HILL CIRCLE,764,1
205 W. 6TH ST.,5470,5
204 W. 6TH ST.,5474,5
203 W. 6TH ST.,5468,5
201 W. 6TH ST.,5466,5
701 ARNAU ST.,5860,5
703 ARNAU ST.,5862,5
705 ARNAU ST.,5864,5
707 ARNAU ST.,5866,5
200 W. 7TH ST.,5910,5
202 W. 7TH ST.,5908,5
205 W. 7TH ST.,5911,5
800 ADAMS ST.,5906,5
709 ADAMS ST.,5832,5
701 ADAMS ST.,5824,5
700 ADAMS ST.,5920,5
606 ADAMS ST.,5924,5
608 ADAMS ST.,5922,5
604 ADAMS ST. APT.1,5926,5
111 BEECHWOOD DR.,5604,5
709 JACKSON ST.,5306,5
108 BEECHWOOD DR.,5614,5
801 ADAMS ST.,5834,5
803 ADAMS ST.,5836,5
807 ADAMS ST.,5840,5
805 ADAMS ST.,5838,5
204 W. 8TH ST.,5890,5
202 W. 8TH ST.,5894,5
200 W. 8TH ST.,5896,5
203 W. 8TH ST.,5900,5
201 W. 8TH ST.,5898,5
905 ARNAU ST.,5872,5
907 ARNAU ST.,5874,5
202 W. 9TH ST.,5856,5
205 W. 9TH ST.,5878,5
207 W. 9TH ST.,5880,5
913 BAY ST.,668,1
902 ADAMS ST.,5884,5
900 ADAMS ST.,5888,5
905 ADAMS ST.,5850,5
409 W. 9TH ST.,6030,5
505 W. 9TH ST.,6032,5
1002 DARBY CIR,6040,5
503-D CHURCH ST.,5420,5
902 VANN ST.,6056,5
900-A VANN ST.,6060,5
304 W. 8TH ST.,6062,5
802 VANN ST.,6068,5
800 VANN ST.,6070,5
801 VANN ST.,6016,5
803 VANN ST.,6018,5
805 VANN ST.,6020,5
807 VANN ST.,6022,5
413 W. 7TH ST.,5968,5
601 W. 7TH ST.,5972,5
609 W. 7TH ST.,5978,5
611 W. 7TH ST.,5980,5
700 W. 7TH ST.,5984,5
606 W. 7TH ST.,5990,5
600 W. 7TH ST.,5992,5
418 LYNDA DR.,5994,5
500 CATER CIR.,5998,5
411 LYNDA DR.,6000,5
415 LYNDA DR.,6004,5
417 LYNDA DR.,6006,5
419 LYNDA DR.,6008,5
406 W. 7TH ST.,6010,5
404 W. 7TH ST.,6012,5
704-B VANN ST.,6072,5
704-A VANN ST.,6074,5
306 EPSTINE ST,2318,3
702 VANN ST.,6076,5
700 VANN ST.,6078,5
305 W. 6TH ST.,6080,5
610 VANN ST.,6084,5
608 VANN ST.,6086,5
606 VANN ST.,6088,5
604 VANN ST.,6090,5
600 VANN ST.,6094,5
205-B SUNSET DR.,1322,2
END VIDALIA CITY 3 ###########,2156,3
508 VANN ST.,6098,5
506 VANN ST.,6100,5
303 W. 4TH ST.,5966,5
408 VANN ST.,6104,5
406 VANN ST.,6106,5
404 VANN ST.,6108,5
712 MONTGOMERY ST,1996,2
408 W. 3RD ST.,6314,5
400 CURRY ST. APT. 1,6312,5
401 CURRY ST.,6238,5
405 CURRY ST.,6242,5
301 FERNCLIFF,902,1
409 CURRY ST.,6246,5
503-F CHURCH ST,5424,5
500 W. 4TH ST. APT 1,6304,5
502 W. 4TH ST.,6302,5
504 W. 4TH ST.,6300,5
506 W. 4TH ST.,6298,5
309 KENWORTH ST.,6290,5
204-A DAVID ST.,6178,5
503 W 3RD ST,6228,5
505 W. 3RD. ST.,6230,5
500 W. 3RD. ST.,6236,5
301 CURRY ST,6222,5
504 W. 2ND ST.,6218,5
509 W. 2ND ST.,6158,5
505 W. 2ND ST.,6154,5
2004 ANDERSON ST.,892,1
503-A W. 2ND ST.,6148,5
209 CURRY ST.,6146,5
207 CURRY ST.,6144,5
202 CURRY ST.,6140,5
504 FERNCLIFF DR.,728,1
204 CURRY ST.,6138,5
206 CURRY ST.,6136,5
1302 PARKWAY DR.,1334,2
415 CHARLES DR.,1346,2
406 W. 2ND ST.,6124,5
404-A W. 2ND ST. APT. 1,6126,5
207 COLLEGE ST.,1388,2
205 COLLEGE ST.,1386,2
203.5 COLLEGE ST.,1382,2
1010 MT. VERNON RD.,1280,2
711 CHRUCH ST.,5482,5
304 KENWORTH ST.,6262,5
302 KENWORTH ST.,6264,5
300-B KENWORTH ST.,6266,5
300-A KENWORTH ST.,6268,5
209 KENWORTH ST.,6160,5
701 W. 2ND ST.,6162,5
705 W. 2ND ST.,6166,5
709 W. 2ND ST.,6172,5
711 W. 2ND ST.,6174,5
204-B DAVID ST.,6176,5
207 DAVID ST.,6182,5
801 W. 2ND ST.,6184,5
803 W. 2ND ST.,6186,5
307 FERNCLIFF,888,1
804 W. 2ND ST. APT 1,6194,5
308 W. TOOMBS ST.,1994,2
706-D CHURCH ST,5768,5
708 W. 2ND ST.,6208,5
704 W. 2ND ST.,6210,5
702 W. 2ND ST.,6212,5
203 KENWORTH ST.,6276,5
228 AMBERWOOD DR.,882,1
225 AMBERWOOD DR.,880,1
104 HUDSON DR.,1128,2
103 HUDSON DR.,1146,2
1102 BRICE RD.,1138,2
1104 BRICE RD.,1136,2
111 MORNINGSIDE DR.,1222,2
106 MORNINGSIDE DR.,1206,2
104 MORNINGSIDE DR.,1208,2
113 BOULEVARD DR.,1252,2
110 BOULEVARD DR.,1236,2
106 BOULEVARD DR.,1238,2
104 BOULEVARD DR.,1240,2
100 CENTRAL DR.,1270,2
103 CENTRAL DR. APT 2,1274,2
109 CENTRAL DR.,1280,2
111 CENTRAL DR.,1282,2
108 CENTRAL DR.,1262,2
110 CENTRAL DR.,1260,2
801 JACKSON ST.,5316,5
1501 PARKWAY DR.,1286,2
1505 PARKWAY DR.,1288,2
1502 PARKWAY DR.,1328,2
114 SUNSET DR.,1290,2
104 SUNSET DR.,1298,2
100 SUNSET DR.,1300,2
204 E. 3RD ST.,6,1
801 WARD ST/ APT B,2050,2
1205 PARKWAY DR.,1112,2
409 CHARLES DR.,1342,2
411 CHARLES DR,1344,2
417 CHARLES DR.,1348,2
419 CHARLES DR.,1350,2
423 CHARLES DR.,1352,2
422 CHARLES DR.,1358,2
414 CHARLES DR.,1362,2
408 CHARLES DR.,1366,2
908 MT. VERNON RD.,1372,2
500 WEST ST.,1686,2
410 WEST ST. APT 1,1688,2
408 WEST ST. APT 2,1690,2
402 WEST ST.,1692,2
405 ORANGE ST.,1694,2
407 ORANGE ST.,1696,2
609 GEORGIA ST.,1786,2
611 GEORGIA ST.,1788,2
706 GEORGIA ST.,2070,2
708 GEORGIA ST.,2068,2
507 E. 5TH ST.,478,1
715 GEORGIA ST.,1852,2
712 GEORGIA ST.,2066,2
805 JACKSON ST.,5318,5
901 JACKSON ST.,5320,5
605 W. TOOMBS ST.,2064,2
514 W. TOOMBS ST.,1942,2
510 W. TOOMBS ST.,1946,2
2003 BRENDA LANE,874,1
512 W. TOOMBS ST.,1944,2
102 CHERRYWOOD DR.,5668,5
105 DOGWOOD DR.,5674,5
506 W. TOOMBS ST.,1950,2
804 JACKSON ST.,5342,5
905 GREEN ST,366,1
710 JACKSON ST.,5348,5
700 JACKSON ST.,5354,5
1604 CHURCH ST.,5683,5
409 MCINTOSH ST.,1394,2
504 JACKSON ST.,5378,5
304 E. 4TH ST.,106,1
410 DURDEN ST.,108,1
211 GREEN ST.,302,1
408 DURDEN ST.,110,1
GENES TRAILER PARK TR8,436,1
1404 BRUMETTE ST.,5700,5
1307 BRUMETTE ST.,5712,5
1400 BARON ST.,5724,5
505 DURDEN ST.,24,1
601 DURDEN ST.,28,1
603 DURDEN ST.,30,1
605 DURDEN ST.,32,1
205 E 6TH ST.,5356,5
701 DURDEN ST.,40,1
705 DURDEN ST.,44,1
405 13TH AVE.,3372,3
1300 BARON ST.,5730,5
807 DURDEN ST.,54,1
206 PINECREST DR.,56,1
806 DURDEN ST.,60,1
804 DURDEN ST.,62,1
706 DURDEN ST.,66,1
704 DURDEN ST.,68,1
606 DURDEN ST.,82,1
807 MOSELY ST.,182,1
907 JACKSON ST.,5324,5
909 JACKSON ST.,5326,5
1001 JACKSON ST. EXT.,5328,5
1207 CENTER DR.,704,1
908 CHURCH ST.,5752,5
904 CHURCH ST.,5754,5
1511 FOREST HILL CIR.,760,1
1314 FOREST HILL CIR.,768,1
208 MCINTOSH ST.,1429,2
223 AMBERWOOD DR.,872,1
1308 FOREST HILL CIR.,770,1
805 CHURCH ST.,5492,5
807 CHURCH ST.,5494,5
1409 FOREST HILL CIR.,784,1
905 CHURCH ST.,5500,5
103 W 9TH ST,5504,5
105 9TH ST,5506,5
107 W 9TH ST,5508,5
102 9TH ST,5516,5
500 MARCLIFF RD.,788,1
400 KISSINGBOWER RD.,802,1
1003 CHURCH ST.,5520,5
105 W 10TH ST,5524,5
107 10TH ST,5526,5
112 W 10TH ST,5534,5
102 W 10TH ST,5542,5
109 HILLDALE CIR.,5550,5
1201 CAROLINE DR.,5552,5
1303 CAROLINE DR.,5556,5
1805 O'NEAL,856,1
315-B W TOOMBS ST,2046,2
107 GWENDOLYN RD.,5584,5
111 GWENDOLYN RD.,5586,5
405 KISSINGBOWER RD.,900,1
205 PEACOCK,2692,3
801 WARD ST/ APT A,2048,2
109 BEECHWOOD DR.,5602,5
106 BEECHWOOD DR.,5616,5
1401 CHURCH ST.,5622,5
1405 CHURCH ST.,5624,5
103 REDWOOD DR.,5626,5
108 REDWOOD DR.,5642,5
1708 KNOLLWOOD,826,1
102 REDWOOD DR.,5645,5
107 CHERRYWOOD DR.,5656,5
1601 CHURCH ST.,5670,5
1606 CHURCH ST.,5682,5
308 THOMPSON ST,1429,2
908 JACKSON ST.,5340,5
901 CENTER DR.,678,1
907 CENTER DR.,680,1
1007 CENTER DR.,684,1
1011 CENTER DR.,686,1
1301 BARRON ST.,5738,5
1305 BARRON ST.,5740,5
1309 BARRON ST.,5742,5
1401 BARRON ST.,5744,5
301 LEWIS DR.,5686,5
401 LEWIS DR.,5690,5
209 W. 6TH ST.,5798,5
501 ALMA PLACE,904,1
1400 BRUMETTE ST.,5702,5
1708 LAKESIDE DR.,914,1
300 LEWIS DR.,5720,5
1404 BARRON ST.,5722,5
303 MOSELY ST.,144,1
1308 BARRON ST.,5726,5
1306 BARRON ST.,5728,5
819 MCLEMORE DR.,1036,1
505 W. TOOMBS ST.,2058,2
500 W. TOOMBS ST.,1956,2
501 E. TOOMBS ST.,1994,2
704 WEST ST.,1958,2
708 WEST ST.,1960,2
503 LYDIA ST.,1962,2
507 LYDIA ST.,1966,2
509 LYDIA ST.,1968,2
511 LYDIA DR.,1970,2
710 WEST ST.,1972,2
710 PANDA PLACE,926,1
503 NORTH ST. APT. 1,1840,2
507 NORTH ST.,1844,2
505 NORTH ST.,1842,2
203 W. 9TH ST.,5876,5
508 NORTH ST.,1804,2
706 PANDA PLACE,928,1
509 NORTH ST.,1846,2
609 NORTH ST.,2072,2
607 ORANGE ST.,1798,2
603 ORANGE ST. APT 2,1794,2
1909 O'NEAL CIRCLE,868,1
504 ORANGE ST.,2080,2
402 DIXON ST.,2082,2
400 DIXON ST.,2084,2
702 PANDA PLACE,930,1
704 DONOVAN ST.,2088,2
702 DONOVAN ST.,2090,2
700 DONOVAN ST.,2092,2
608 DONOVAN ST. EXT.,2099,2
1300 BRUMETTE ST.,5704,5
608 DONOVAN ST.,2102,2
602 DONOVAN ST APT. 2,2107,2
603 DONOVAN ST.,2108,2
501 MORRIS  ST.,2172,3
502 DONOVAN ST,2116,2
503 DONOVAN ST.,2120,2
1106 LOFTON LANE,5734,5
212 BROWN ST.,2122,2
210 BROWN ST.,2124,2
209 BROWN ST.,2130,2
1117 CENTER DR.,698,1
1121 CENTER DR.,700,1
1309 CENTER DR.,708,1
404 PINE ST.,2140,2
402 PINE ST.,2142,2
108 COLLEGE ST.,2146,2
106 COLLEGE ST.,2148,2
102 COLLEGE ST,2152,2
100 COLLEGE ST.,2154,2
END VIDALIA CITY 4 ###########,3600,4
1401 CENTER DR.,710,1
600 WILLOW DR.,720,1
200 E. 7TH ST.,5346,5
502 JACKSON ST.,5380,5
203 1/2 CHURCH ST.,5406,5
105 W. 4TH ST.,5408,5
507 E. 3RD. ST.,432,1
403 BAY ST.,434,1
GENES TRAILER CT. TR.1,450,1
GENES TRAILER CT. TR2,448,1
GENES TRAILER CT. TR3,446,1
GENES TRAILER CT.TR4,444,1
GENES TRAILER CT. TR5,442,1
GENES TRAILER CT. TR6,440,1
GENES TRAILER CT. TR7,438,1
407 BAY ST.,452,1
504 E. 4TH ST.,458,1
502 E. 4TH ST.,460,1
503 E. 4TH ST.,462,1
501 BAY ST. APT 1,464,1
505 BAY ST. APT 1,466,1
507 BAY ST.,470,1
605.5 BAY ST.,512,1
607 BAY ST. APT 1,514,1
609 BAY ST.,516,1
611 BAY ST. APT 1,518,1
502 E. 6TH ST.,520,1
505-B 6TH ST. APT 1,524,1
505-C 6TH ST. APT 2,526,1
507 E. 6TH ST.,528,1
911 BAY ST.,666,1
819 MIXON DR.,1028,1
503 E 7TH ST.,544,1
803 BAY ST.,658,1
605 E 7TH ST.,550,1
607 E 7TH ST. APT. 1,552,1
609 E. 7TH ST.,554,1
611 E. 7TH ST.,556,1
701 E. 7TH ST.,560,1
703 E. 7TH ST.,562,1
700 PANDA PLACE,932,1
709 E. 7TH ST.,566,1
715 E. 7TH ST.,570,1
717 E. 7TH ST.,572,1
719 E. 7TH ST.,574,1
721 E. 7TH ST.,576,1
725 E. 7TH ST.,580,1
727 E. 7TH ST.,582,1
729 E. 7TH ST.,584,1
733 E. 7TH ST.,588,1
735 E. 7TH ST.,590,1
732 E. 7TH ST.,592,1
730 E. 7TH ST.,594,1
724 E. 7TH ST.,598,1
807 ESTROFF DR.,934,1
720 E. 7TH ST.,602,1
1807 O'NEAL,858,1
716 E. 7TH ST.,606,1
610 E. 7TH ST.,648,1
608 E. 7TH ST.,650,1
606 E. 7TH ST.,652,1
602 E. 7TH ST.,654,1
700 BAY ST.,534,1
605 E. 6TH ST.,496,1
726 MIKE ST.,610,1
724 MIKE ST.,612,1
722 MIKE ST.,614,1
720 MIKE ST.,616,1
718 MIKE ST.,618,1
716 MIKE ST.,620,1
714 MIKE ST.,622,1
712 MIKE ST.,624,1
710 MIKE ST.,626,1
708 MIKE ST.,628,1
706 MIKE ST.,630,1
704 MIKE ST.,632,1
702 MIKE ST.,634,1
700 MIKE ST.,636,1
608-A MIKE ST.,640,1
608-B MIKE ST.,638,1
606-A MIKE ST.,644,1
606-B MIKE ST.,642,1
604 MIKE ST.,646,1
608 E. 6TH ST.,490,1
606 E. 6TH ST.,492,1
606 BAY ST.,502,1
604 BAY ST.,504,1
602 BAY ST.,506,1
605 E. 5TH ST.,482,1
607 E. 5TH ST. APT 1,484,1
609 E. 5TH ST. APT 1,486,1
603 SMITH ST.,3658,4
904 E. 6TH ST.,3660,4
400 DURDEN ST.,120,1
900 E. 6TH ST.,3664,4
808 E. 6TH ST,3666,4
806 E. 6TH ST.,3668,4
804 E. 6TH ST.,3670,4
802 E. 6TH ST.,3672,4
800 E. 6TH ST.,3674,4
801 E. 6TH ST.,3676,4
803 E. 6TH ST,3678,4
805 E. 6TH ST.,3680,4
901 E. 6TH ST.,3682,4
903 E. 6TH ST.,3684,4
905 E. 6TH ST,3686,4
705 SMITH ST.,3688,4
707 SMITH ST.,3690,4
709 SMITH ST.,3692,4
708 SMITH ST.,3646,4
710 SMITH ST,3644,4
800 SMITH ST,3642,4
802 SMITH ST.,3640,4
217 AMBERWOOD DR.,846,1
512 1ST AVE.,2428,3
608 KISSINGBOWER RD.,722,1
809 DEBBIE CR,3634,4
807 DEBBIE CR,3632,4
805 SMITH ST.,3630,4
723 WINONA ST.,3628,4
719 WINONA ST.,3626,4
718 WINONA ST.,3694,4
717 WINONA ST,3624,4
715 WINONA ST,3622,4
714 WINONA ST.,3696,4
708 WINONA ST,3700,4
709 WINONA ST.,3618,4
707 WINONA ST,3616,4
705 WINONA ST,3614,4
704 WINONA ST.,3702,4
703 WINONA ST,3612,4
701 WINONA ST,3610,4
607 WINONA ST,3606,4
605 WINONA ST.,3604,4
803 E. 5TH ST.,3706,4
805 E. 5TH ST.,3708,4
809 E. 5TH ST.,3710,4
903 E. 5TH ST.,3714,4
905 E. 5TH ST.,3716,4
907 E. 5TH ST.,3718,4
301 SMITH ST,3740,4
506 SMITH ST.,3722,4
504 SMITH ST.,3724,4
502 SMITH ST.,3726,4
600 KISSINGBOWER RD.,724,1
404 SMITH ST,3730,4
402 SMITH ST.,3732,4
400 SMITH ST.,3734,4
312 SMITH ST,3736,4
303 SMITH ST,3742,4
305 SMITH ST,3744,4
307 SMITH ST,3746,4
309 SMITH ST,3748,4
401 SMITH ST,3752,4
407 SMITH ST,3754,4
409 SMITH ST,3756,4
508 MADISON ST,3758,4
506 MADISON ST,3760,4
504 MADISON ST,3762,4
502 MADISON ST,3764,4
311 SMITH ST,3750,4
406 SMITH ST,3728,4
710 WINONA ST,3698,4
310 MADISON ST,3772,4
306 MADISON ST,3774,4
302-E MADISON ST,3776,4
302-D MADISON ST,3778,4
302-C MADISON ST,3780,4
901 2ND ST,3786,4
"400 A. MAIN ST., N.W.",1100,2
205 MADISON ST,3794,4
211 MADISON ST,3796,4
801 E. 2ND ST.,3798,4
301 MADISON ST,3800,4
311 MADISON ST,3804,4
804 E 3RD ST.,3806,4
803 E. 3RD ST,3812,4
306-B WINONA ST,3816,4
306-C WINONA ST,3818,4
304-E WINONA ST,3822,4
304-D WINONA ST,3824,4
304-C WINONA ST,3826,4
304-B WINONA ST,3828,4
508 SMITH ST,3720,4
404 WINONA ST,3834,4
802 E. 4TH ST,3852,4
800 E 4TH ST,3854,4
801 E 4TH ST,3856,4
803 E 4TH ST,3858,4
805 E 4TH ST.,3860,4
807 E. 4TH ST,3862,4
809 E 4TH ST,3864,4
811 E 4TH ST,3866,4
503 MADISON ST,3868,4
505 MADISON ST,3870,4
509 MADISON ST,3874,4
810 E 5TH ST,3876,4
808 E 5TH ST,3878,4
806 E 5TH ST,3880,4
804 E 5TH ST,3882,4
201 AMBERWOOD DR.,838,1
800 E 5TH ST,3886,4
508 WINONA ST,3888,4
506 WINONA ST,3890,4
504 WINONA ST,3892,4
110 CHERRYWOOD DR.,5664,5
902 E 6TH ST,3662,4
706 A SMITH ST,3654,4
301 BROADFOOT BLVD,3900,4
401 BROADFOOT BLVD,3906,4
403 BROADFOOT BLVD,3908,4
405 BROADFOOT BLVD,3910,4
1104 PERRYMAN DR.,3914,4
1100 PERRYMAN DR.,3916,4
1101 PERRYMAN DR.,3918,4
811 ESTROFF DR.,936,1
603 BROADFOOT BLVD,3932,4
511 WATERS DR.,3942,4
603 WATERS DR.,3944,4
605 WATERS DR,3946,4
607 WATERS DR,3948,4
701 WATERS DR,3952,4
703 WATERS DR.,3954,4
805 WATERS DR,3960,4
1406 CHENEY DR.,3964,4
410 PEACOCK ST,3096,3
1407 CHENEY DR.,3966,4
1409 CHENEY DR.,3968,4
1411 CHENEY DR.,3970,4
904 WATERS DR,3972,4
902 WATERS DR.,3974,4
1501 CHENEY DR.,3976,4
1507 CHENEY DR.,3980,4
1511 CHENEY DR.,3984,4
1513 CHENEY DR.,3986,4
1515 CHENEY DR..,3988,4
1516 CHENEY DR.,3994,4
1514 CHENEY DR.,3996,4
1510 CHENEY DR.,4000,4
1508 CHENEY DR.,4002,4
1506 CHENEY DR.,4004,4
1504 CHENEY DR.,4006,4
804 WATERS DR,4008,4
802 WATERS DR,4010,4
1501 RIDGEWAY DR,4012,4
1509 RIDGEWAY DR.,4016,4
1511 RIDGEWAY DR.,4018,4
1513 RIDGEWAY DR.,4020,4
1517 RIDGEWAY DR.,4022,4
1514 RIDGEWAY DR.,4024,4
1510 RIDGEWAY DR.,4026,4
1508 RIDGEWAY DR.,4028,4
1506 RIDGEWAY DR.,4030,4
1502 RIDGEWAY DR.,4032,4
704 WATERS DR.,4034,4
1507 BOBBY DR.,4040,4
1509 BOBBY DR.,4042,4
608 WATERS DR.,4046,4
606 WATERS DR.,4048,4
604 WATERS DR.,4050,4
602 WATERS DR.,4052,4
600 WATERS DR.,4054,4
518 WATERS DR.,4056,4
516 WATERS DR.,4058,4
506 VIRGINIA WAY,4060,4
406 BOBBY DR.,5196,4
506 BROADFOOT BLVD,4064,4
502 BROADFOOT BLVD,4066,4
1203 PERRYMAN DR.,4070,4
1305 PERRYMAN DR.,4072,4
1204 JUDY PLACE,4076,4
1200 JUDY PLACE,4082,4
1209 RHODUS DR.,4084,4
1211 RHODUS DR.,4086,4
1204 RHODUS DR.,4098,4
1301 ACTION DR.,5000,4
1303 ACTION DR.,5002,4
1401 ACTION DR.,5006,4
1403 ACTON DR.,5008,4
1405 ACTON DR.,5010,4
1407 ACTON DR,5012,4
308 RIGSBEE DR.,5016,4
1503 ACTON DR,5018,4
1406 ACTON DR,5026,4
1304 ACTON DR,5032,4
1302 ACTON DR,5034,4
1513 PERRYMAN DR,5182,4
409 BAY ST,454,1
813 ESTROFF DR.,938,1
505.5 BAY ST,468,1
200 VIRGINIA WAY,5046,4
301 VIRGINIA WAY,5048,4
303 VIRGINIA WAY,5050,4
401 VIRGINIA WAY,5052,4
403 VIRGINIA WAY,5054,4
1608 CHENEY DR.,5092,4
1309 FOREST HILL CIRCLE,778,1
500 VIRGINIA WAY,5062,4
408 VIRGINIA WAY,5064,4
400 VIRGINIA WAY,5068,4
310 VIRGINIA WAY,5070,4
304 VIRGINIA WAY,5072,4
300 VIRGINIA WAY,5076,4
1505 CHENEY DR.,5082,4
1603 CHENEY DR.,5084,4
1611 CHENEY DR.,5086,4
1615 CHENEY DR.,5088,4
1610 CHENEY DR.,5090,4
1604 CHENEY DR.,5094,4
1508 CHENEY DR,5102,4
1402 MEADOWS LANE,5120,4
1306 MEADOWS LANE,5122,4
1300 MEADOWS LANE,5124,4
1202 MEADOWS LANE,5126,4
1200 MEADOWS LANE,5128,4
114 BEECHWOOD DR.,5608,5
1102 MEADOWS LANE,5132,4
1101 MEADOWS LANE,5134,4
1105 MEADOWS LANE,5136,4
211 WASHINGTON ST.,2954,3
108 HILLDALE CIRCLE,5588,5
1205 MEADOWS LANE,5140,4
1303  MEADOWS LANE,5144,4
1403 MEADOWS LANE,5146,4
1407 MEADOWS LANE,5148,4
1505 MEADOWS LANE,5150,4
1504 MEADOWS LANE,5156,4
1500 MEADOWS LANE,5158,4
403 RIGSBEE DR.,5160,4
405 RIGSBEE DR,5162,4
404 RIGSBEE DR.,5168,4
402 RIGSBEE DR.,5170,4
1501 MEADOWS LANE,5172,4
1501 PERRYMAN DR,5174,4
1503 PERRYMAN DR.,5176,4
1505 PERRYMAN DR.,5178,4
1509 PERRYMAN DR.,5180,4
1517 PERRYMAN DR.,5184,4
1519 PERRYMAN DR,5186,4
406 RIGSBEE DR,5166,4
1521 PERRYMAN DR,5188,4
1523 PERRYMAN DR,5190,4
1520 PERRYMAN DR.,5192,4
1516 PERRYMAN DR,5194,4
822 ESTROFF DR.,1002,1
403 BOBBY DR.,5200,4
405 BOBBY DR.,5202,4
1508 PERRYMAN DR,5204,4
1504 PERRYMAN DR,5206,4
100 MABETH ST.,5572,5
1406 PERRYMAN DR,5210,4
1402 PERRYMAN DR,5214,4
200 AMBERWOOD DR.,816,1
1405 PERRYMAN DR,5216,4
501 RIGSBEE DR,5218,4
507 RIGSBEE DR,5220,4
509 BAY ST,472,1
502 WATERS DR.,5222,4
702.5 MCINTOSH ST,1416,2
503 WATERS DR,5224,4
501 WATERS DR,5226,4
506 SLAYTON ST,5228,4
206 AMBERWOOD DR.,812,1
502 SLAYTON ST,5232,4
403 DURDEN ST.,10,1
402 SLAYTON ST,5236,4
1600 ALMA PLACE,742,1
300 SLAYTON ST,5240,4
1103 RHODUS DR,5242,4
401 SLAYTON ST,5246,4
403 SLAYTON ST,5248,4
505 SLAYTON ST,5252,4
600 DONOVAN ST,2110,2
600 DIXIE DR,2100,2
1804 IRENE ST.,734,1
507 WILLOW RD.,738,1
908 GREEN ST.,370,1
204 1ST AVE,2472,3
208 1ST AVE,2468,3
210 1ST AVE,2464,3
210A 1ST AVE,2466,3
214 1ST AVE,2462,3
207 W. TOOMBS ST.,2038,2
207 PEACOCK ST.,3048,3
203 PEACOCK ST,2690,3
706 B SMITH ST,3652,4
300 E 2ND AVE,2594,3
300 PEACOCK ST,2688,3
302 PEACOCK ST,2686,3
305 PEACOCK ST,2694,3
309 PEACOCK ST,2696,3
310 PEACOCK ST,2682,3
1307 FOREST HILLS CIRCLE,776,1
313 PEACOCK ST,2698,3
315 PEACOCK ST,2700,3
400 PEACOCK ST,3102,3
402 PEACOCK ST,3100,3
401 PEACOCK ST,2860,3
403 PEACOCK ST,2862,3
505 PEACOCK ST,3050,3
507 PEACOCK ST,3052,3
206 BELL ST,3092,3
506 PEACOCK ST,3090,3
508 PEACOCK ST.,3088,3
511 PEACOCK ST,3054,3
513 PEACOCK ST,3056,3
104 HILLSDALE CIRCLE,5592,5
306 KISSINGBOWER RD.,804,1
604 PEACOCK ST TR 2,3062,3
604 PEACOCK ST TR 1,3060,3
604 PEACOCK ST TR 8,3074,3
604 PEACOCK ST TR 3,3064,3
604 PEACOCK ST TR 7,3072,3
604 PEACOCK ST TR 4,3066,3
604 PEACOCK ST TR 12,3082,3
604 PEACOCK ST TR 6,3070,3
604 PEACOCK ST TR 9,3076,3
604 PEACOCK ST TR 5,3068,3
DRAKES TRAIL PK TR13,3934,3
604 PEACOCK ST TR 11,3080,3
604 PEACOCK ST TR 10,3078,3
604 PEACOCK ST TR 14,3084,3
604 PEACOCK ST TR 15,3086,3
215 5TH AVE,3110,3
213 5TH AVE,3108,3
505 MORRIS ST,2174,3
1704 IRENE ST.,746,1
504 MORRIS ST,2176,3
414 MORRIS ST,2180,3
201 3RD AVE,2670,3
203.5 3RD AVE,2674,3
203 3RD AVE,2672,3
207 3RD AVE,2676,3
213 3RD AVE,2678,3
1503 FOREST HILL CIR.,756,1
215 3RD AVE,2680,3
208 3RD AVE,3484,3
206 3RD AVE,2856,3
400 MORRIS ST,2182,3
311.5 MORRIS ST.,2170,3
302 SMITH ST,3738,4
209 W. TOOMBS ST.,2040,2
309 MORRIS ST.,2168,3
306 MORRIS ST.,2184,3
307.5 MORRIS ST.,2166,3
305 MORRIS ST.,2164,3
303 MORRIS ST.,2162,3
300 MORRIS ST.,2186,3
301 MORRIS ST.,2160,3
810 ESTROFF DR.,1010,1
401 FERNCLIFF,894,1
610 BAY ST.,500,1
206 MORRIS ST,2188,3
202-A MORRIS ST,2190,3
202-B  MORRIS ST,2192,3
200 MORRIS ST.,2194,3
102 PINE ST.,2196,3
205 MORRIS ST.,2158,3
201 POE ST.,2442,3
203 POE ST.,2444,3
207 POE ST.,2446,3
212 POE ST.,2450,3
210 POE ST,2452,3
208 POE ST.,2454,3
206 POE ST.,2456,3
201 MACON AVE,2430,3
203 MACON AVE,2432,3
205 MACON AVE,2434,3
813 MCLEMORE DR.,1056,1
202 MACON AVE,2438,3
200 MACON AVE,2440,3
404-B PINECREST DR.,674,1
600 1ST AVE,2420,3
603 1ST AVE,2352,3
608 1ST AVE,2414,3
610 1ST AVE,2412,3
612A 1ST AVE,2408,3
612-B 1ST AVE,2410,3
609 1ST AVE,2354,3
615 1ST AVE,2358,3
616 1ST AVE,2406,3
113 LIVELY ST.,2260,3
111 LIVELY,2258,3
109 LIVELY ST,2256,3
108 LIVELY ST.,2274,3
701 STUART ST.,2360,3
703 STUART ST.,2362,3
705 STUART ST,2364,3
702 STUART ST.,2366,3
704 STUART ST,2368,3
706 STUART ST,2370,3
707 STUART ST,2372,3
709 STUART ST,2374,3
711 STUART ST,2376,3
713 STUART ST,2378,3
101 STANFORD ST.,2380,3
105 STANFORD ST.,2384,3
107 STANFORD ST.,2386,3
104 STANFORD ST.,2388,3
712 SCHLEY ST.,2390,3
710 SCHLEY ST,2392,3
708 SCHLEY ST.,2394,3
706 SCHLEY ST.,2396,3
304 PEACOCK ST,2684,3
702 SCHLEY ST.,2402,3
703 SCHLEY ST,2400,3
700 SCHLEY ST,2404,3
204 LIVELY ST,2270,3
209 LIVELY ST,2262,3
701 2ND AVE,2508,3
206  1ST. AVE.,2470,3
1810 O'NEAL CIRCLE,854,1
620 2ND AVE,2558,3
618 2ND AVE,2560,3
616 2ND AVE,2562,3
612 2ND AVE,2564,3
610 2ND AVE,2566,3
611 2ND AVE,2506,3
607 2ND AVE,2504,3
215 EPSTINE ST.,2300,3
213 EPSTINE ST,2296,3
904 GEORGIA ST,1938,2
211 EPSTINE ST,2294,3
212 EPSTINE ST.,2328,3
210 EPSTINE ST,2330,3
208 EPSTINE ST,2332,3
207 EPSTINE ST,2290,3
205 EPSTINE ST,2288,3
203 EPSTINE ST,2286,3
504 ATLANTA AVE,2334,3
502 ATLANTA AVE,2336,3
500 ATLANTA AVE,2338,3
703 MCINTOSH ST.,1413,2
505 ATLANTA AVE,2344,3
503 ATLANTA AVE,2342,3
912 NORTH CIRCLE DR,1898,2
200 EPSTINE ST,2422,3
504 MAIN ST NE,2348,3
602 MAIN ST NE,2284,3
604 MAIN ST NE,2282,3
606 MAIN ST NE,2280,3
608 N.E. MAIN ST.,2278,3
100 LIVELY ST.,2276,3
700 MAIN ST NE,2254,3
210 JENKINS ST.,2666,3
ZORNS TR. PK. 1-B,2222,3
ZORNS TR. PK. 3-B,2226,3
ZORNS TR. PK. 2-B,2224,3
ZORNS TR. PK. 5-B,2230,3
ZORNS TR. PK. 6-B,2232,3
ZORNS TR. PK. 7-B,2234,3
101 GRAND ST,2534,3
103 GRAND ST.,2536,3
1809 O'NEAL,860,1
111 GRAND ST.,2540,3
307 PINECREST DR.,188,1
201 GRAND ST,2544,3
1703 RIDGEWOOD PL,824,1
205 GRAND ST,2546,3
207 GRAND ST,2548,3
209 GRAND ST,2550,3
210 GRAND ST,2526,3
208 GRAND ST.,2528,3
206 GRAND ST,2530,3
204 GRAND ST,2532,3
810 2ND AVE,2522,3
214 GRAND ST.,2524,3
710 2ND AVE,2552,3
715 2ND AVE,2520,3
713 2ND AVE,2518,3
711 2ND AVE,2516,3
709 2ND AVE,2514,3
702 2ND AVE,2554,3
700 2ND AVE,2556,3
502 LEWIS DR.,5696,5
707 2ND AVE,2512,3
304 LIVELY ST,2780,3
309 LIVELY ST,2782,3
312 LIVELY ST,2778,3
313 LIVELY ST,2784,3
700 3RD AVE,2810,3
702 3RD AVE,2808,3
704 3RD AVE,2806,3
944 NORTH CIRCLE DR,1874,2
708 3RD AVE,2804,3
710 3RD AVE,2802,3
709 3RD AVE,2786,3
315 WASHINGTON ST,2960,3
312 WASHINGTON ST,2934,3
310 WASHINGTON ST,2936,3
308 WASHINGTON ST,2938,3
309 WASHINGTON ST,2958,3
306 WASHINGTON ST,2940,3
304 WASHINGTON ST,2942,3
209 WASHINGTON ST,2952,3
1012 CENTER DRIVE,210,1
1405 FOREST HILL CIR.,782,1
916 NORTH CIRCLE DR,1896,2
404 GRAND ST.,2792,3
402 GRAND ST.,2794,3
806 3RD AVE,2798,3
807 3RD AVE,2788,3
804 3RD AVE,2800,3
407 WASHINGTON ST,2966,3
411 WASHINGTON ST,2968,3
310 THOMPSON ST,1429,2
500 N. WASHINGTON ST,2988,3
502 N WASHINGTON ST,2986,3
801 4TH AVE,2912,3
803 4TH AVE,2914,3
805 4TH AVE,2916,3
807 4TH AVE,2918,3
802 E 4TH AVE.,2932,3
806 4TH AVE,2928,3
501 GRAND ST,2922,3
506 GRAND ST,2926,3
901 5TH AVE,3146,3
907 5TH AVE,3150,3
912 5TH AVE,3156,3
908 5TH AVE,3158,3
906 5TH AVE,3160,3
904 5TH AVE,3162,3
404 MARCLIFF DR.,792,1
902 5TH AVE,3164,3
900 5TH AVE,3166,3
603 GRAND ST.,2924,3
806 5TH AVE,3170,3
807 5TH AVE,3140,3
809 5TH AVE,5912,3
811 5TH AVE,3144,3
511 N WASHINGTON ST,2970,3
601 WASHINGTON ST,2972,3
607 N WASHINGTON ST,2974,3
609 N WASHINGTON ST,2976,3
611 N WASHINGTON ST,2978,3
801 E NORTH ST,3206,3
803 E NORTH ST,3208,3
805 E. NORTH ST,3210,3
702 E. NORTH ST.,3216,3
705 E. NORTH ST.,3204,3
606 N WASHINGTON ST,2980,3
600 N WASHINGTON ST,2982,3
706 5TH AVE,3174,3
707 5TH AVE,3138,3
704 5TH AVE,3176,3
702 5TH AVE,3178,3
703 5TH AVE,3136,3
701 5TH AVE,3134,3
507 SYMOND ST,2896,3
602 SYMOND ST,2900,3
604 SYMOND ST,2898,3
628 5TH AVE,3180,3
626 5TH AVE,3182,3
624 5TH AVE,3184,3
622 5TH AVE,3186,3
620 5TH AVE,3188,3
618 5TH AVE,3190,3
616 5TH AVE,3192,3
619 5TH AVE,3130,3
621 5TH AVE,3132,3
603 WHITE ST,3194,3
605 WHITE ST,3196,3
611 WHITE ST,3202,3
607 WHITE ST,3198,3
608 WHITE ST,3220,3
606 WHITE ST,3222,3
604 WHITE ST,3224,3
610 WHITE ST,3218,3
614 5TH AVE,3226,3
612 5TH AVE,3228,3
610 5TH AVE,3230,3
608 5TH AVE,3232,3
606 5TH AVE,3234,3
604 5TH AVE,3236,3
602 5TH AVE,3238,3
600 5TH AVE,3240,3
517 5TH AVE,3128,3
801 GREEN ST.,352,1
501 JACKSON ST.,5266,5
401 GREEN ST.,316,1
504 5TH AVE E.,3242,3
301 GREEN ST.,304,1
509 JACKSON ST.,5270,5
400 MOSLEY ST.,282,1
606 MOSLEY ST.,258,1
502 5TH AVE,3244,3
414 5TH AVE,3246,3
412 5TH AVE,3248,3
409 5TH AVE,3124,3
405 5TH AVE,3120,3
407 5TH AVE,3122,3
406 5TH AVE,3250,3
401 5TH AVE,3118,3
400 5TH AVE,3252,3
809 MIXON DR.,1024,1
307 5TH AVE,3114,3
308 5TH AVE,3256,3
504 POE ST,3038,3
505 POE ST,3036,3
502 POE ST,3040,3
501 POE ST,3034,3
500 POE ST,3042,3
310 DICKERSON DR,3044,3
306 DICKERSON DR,3046,3
402 DICKERSON DR.,3032,3
404 DICKERSON DR.,3030,3
408 DICKERSON DR,3028,3
415 DICKERSON DR,3022,3
419 DICKERSON DR,3024,3
405 4TH AVE,2864,3
407 4TH AVE,2866,3
409 4TH AVE,2868,3
411 4TH AVE,2870,3
607 GREEN ST.,338,1
414 4TH AVE,3014,3
500 4TH AVE,3012,3
602 GREEN ST.,402,1
404 WARD ST,1628,2
505 4TH AVE,2874,3
502 4TH AVE,3010,3
504 4TH AVE,3008,3
506 4TH AVE,3006,3
500 EPSTINE ST,3004,3
701 4TH AVE.,2902,3
900 CENTER DR.,216,1
504 NORTH ST.,1808,2
505 GREEN ST.,330,1
409 EPSTINE ST,2880,3
507 DONOVAN ST.,2114,2
603 4TH AVE,2882,3
608 4TH AVE,3002,3
614 4TH AVE,3000,3
616 4TH AVE,2998,3
618 4TH AVE,2996,3
621 4TH AVE,2884,3
622 4TH AVE,2994,3
625 4TH AVE,2886,3
601 DONOVAN ST.,2112,2
703 4TH AVE,2904,3
705 4TH AVE,2906,3
707 4TH AVE,2908,3
709 4TH AVE,2910,3
606 DONOVAN ST.,2104,2
406 SYMOND ST,2888,3
405 SYMOND ST,2892,3
621 3RD AVE,2776,3
100 B E. 6TH ST.,5292,5
1701 IRENE ST.,796,1
624 3RD AVE,2814,3
622 3RD AVE,2816,3
305 EVERETT ST.,1598,2
615 3RD AVE,2772,3
211 PINE ST.,1532,2
201 EVERETT ST.,1586,2
603 3RD AVE,2768,3
606 3RD AVE,2826,3
606-A 3RD AVE E.,2824,3
600 ORANGE ST.,2078,2
604 3RD AVE,2828,3
310 WEST TOOMBS ST.,1992,2
519-C 3RD AVE,2832,3
519-B 3RD AVE,2766,3
519-A 3RD AVE,2764,3
517 3RD AVE,2762,3
515 3RD AVE,2760,3
513 3RD AVE,2758,3
512 3RD AVE,2834,3
213.5 EPSTINE ST,2298,3
606 ORANGE ST.,2074,2
511 3RD AVE,2756,3
509 3RD AVE,2754,3
506 3RD AVE,2840,3
504 3RD AVE,2842,3
500 3RD AVE,2844,3
200 BELL ST,3094,3
416 3RD AVE,2846,3
415 3RD AVE,2722,3
414 3RD AVE,2848,3
410 3RD AVE,2850,3
515 PEACOCK ST,3058,3
610 W. NORTH ST.,1800,2
1801 IRENE ST.,737,1
404 SLAYTON ST.,5234,4
401 3RD AVE E.,2712,3
601 AIMWELL RD.,5254,4
303 3RD AVE,2702,3
212 W. JENKINS ST.,1487,2
314 E. JENKINS ST,2654,3
312 E. JENKINS ST,2656,3
308 E. JENKINS ST,2658,3
711 WEST ST.,1976,2
504 W. TOOMBS ST.,1952,2
209 5TH AVE,3106,3
306 E. JENKINS ST.,2660,3
301 E. JENKINS ST,2600,3
305 E. JENKINS ST.,2602,3
307 E. JENKINS ST,2604,3
309 E. JENKINS ST,2606,3
311 E. JENKINS ST,2608,3
303 POE ST.,2448,3
404 E. JENKINS ST,2650,3
407 E. JENKINS ST,2612,3
409 E. JENKINS ST,2614,3
411 E. JENKINS ST,2616,3
1108 ROOSEVELT ST.,3312,3
412-A E. JENKINS ST.,2644,3
412-B E. JENKINS ST,2646,3
311 SCHUMPERT ST.,2750,3
304 SCHUMBERT ST,2724,3
302 SCHUMPERT ST.,2726,3
300 SCHUMPERT ST.,2730,3
303 SCHUMPERT ST.,2748,3
500 E. JENKINS ST.,2618,3
502 E. JENKINS ST.,2640,3
505 E. JENKINS ST,2620,3
508 E. JENKINS ST,2638,3
512 E. JENKINS ST,2634,3
514 E. JENKINS ST,2632,3
516 E. JENKINS ST,2630,3
518 E. JENKINS ST.,2628,3
519 E. JENKINS ST.,2626,3
517 E. JENKINS ST,2624,3
713 THOMPSON,2022,2
304-A EPSTINE ST.,2320,3
304-B EPSTINE ST.,2322,3
213 W. JENKINS ST.,1480,2
1903 O'NEAL,862,1
308 EPSTINE ST.,2316,3
600 CHURCH ST.,5780,5
311 EPSTINE ST.,2310,3
307 EPSTINE ST.,2308,3
305 EPSTINE ST.,2306,3
312 W. TOOMBS ST.,1990,2
210 W. JENKINS ST.,1488,2
510 2ND AVE,2574,3
517 2ND AVE,2502,3
306 MONTGOMERY ALLEY,1498,2
515 2ND AVE,2500,3
513 2ND AVE,2498,3
511 2ND AVE,2496,3
509 2ND AVE,2494,3
504 2ND AVE,2578,3
505 2ND AVE,2492,3
503  2ND AVE,2490,3
501 2ND AVE,2488,3
214 SCHUMPERT ST.,2732,3
210 SCHUMPERT ST.,2734,3
936 NORTHGATE CIRCLE,1880,2
206 SCHUMPERT ST,2738,3
930 NORTHGATE CIRCLE,1886,2
209 SCHUMPERT ST,2742,3
211 SCHUMPERT ST.,2744,3
213 SCHUMPERT ST,2746,3
412  2ND AVE,2584,3
410 2ND AVE,2586,3
406 2ND AVE,2588,3
920 GEORGIA ST.,1924,2
403  2ND AVE,2482,3
315 2ND AVE,2480,3
302 MONTGOMERY ALLEY,1502,2
312 2ND AVE,2590,3
908 GEORGIA ST.,1934,2
1904 FERNCLIFF DR.,896,1
204 THOMPSON ST.,1528,2
1302 N. CHENEY DRIVE,4090,4
209 THOMPSON ST.,1429,2
601 KISSINGBOWER RD.,908,1
406 WINONA ST.,3898,4
1704 LAKESIDE DR.,916,1
408 WINMONS ST.,3896,4
105 EVERETT ST.,1582,2
820 ESTROFF DR.,1004,1
814 ESTROFF DR.,1008,1
806 ESTROFF DR.,1012,1
804 ESTROFF DR.,1014,1
802 ESTROFF DR.,1016,1
508 THOMPSON ST.,1446,2
821 MIXON DR.,1030,1
402 WINONA ST.,3832,4
818 MIXON DR.,1038,1
814 MIXON DR.,1040,1
810 MIXON DR.,1042,1
804 MIXON DR.,1046,1
807 MC LEMORE DR.,1052,1
809 MC LEMORE DR.,1054,1
502 THOMPSON ST.,1450,2
802 MC LEMORE DR.,1068,1
1114 CENTER DR.,202,1
1202 CENTER DR.,200,1
1112 CENTER DR.,204,1
212 PEACHTREE ST.,1716,2
908 CENTER DR.,214,1
309 PINECREST DR.,190,1
403 PINECREST DR.,192,1
503 PINECREST DR.,196,1
502 PINECREST DR.,672,1
902 MOSLEY ST.,218,1
800 MOSLEY ST.,230,1
710 MOSLEY ST.,232,1
706 MOSLEY ST.,236,1
700 MOSLEY ST.,246,1
406 E 6TH ST.,252,1
404 E 6TH ST.,254,1
600 MOSLEY ST.,260,1
404 E 5TH ST.,264,1
510 MOSLEY ST.,266,1
504 MOSLEY ST.,270,1
503 MOSLEY ST.,158,1
505 MOSLEY ST.,160,1
507 MOSLEY ST.,162,1
601 MOSLEY ST.,164,1
605 MOSLEY ST.,166,1
709 MOSLEY ST.,174,1
305 PEACHTREE ST.,1849,2
813 MOSLEY ST.,186,1
811 MOSLEY ST.,184,1
405 E 8TH ST.,362,1
902 GREEN ST.,376,1
405 W. NORTH ST.,1834,2
807 GREEN ST.,354,1
811 GREEN ST.,358,1
802 GREEN ST.,384,1
800 GREEN ST.,386,1
926 NORTHGATE CIRCLE,1888,2
710 GREEN ST.,388,1
704 GREEN ST.,394,1
700 GREEN ST.,396,1
705 GREEN ST.,344,1
608 GREEN ST.,398,1
600 GREEN ST.,404,1
510 GREEN ST.,406,1
508 GREEN ST.,408,1
924 NORTHGATE CIRCLE,1890,2
711 GREEN ST,350,1
509 GREEN ST,334,1
701 MC INTOSH ST,1411,2
319 ORANGE ST,1644,2
1205 PARKWAY DR,1200,2
500 DONOVAN ST,2118,2
502 PINE ST,2134,2
307 PEACHTREE ST,1770,2
308 PEACHTREE ST,1708,2
306 PEACHTREE ST,1710,2
401 PEACHTREE ST,1772,2
406 PEACHTREE ST,1704,2
613 WEST ST,1670,2
409 NORTH ST,1838,2
611 MONTGOMERY ST.,1752,2
404 W NORTH ST,1812,2
401 NORTH ST,1832,2
1105 RHODUS DR.,5244,4
608 MONTGOMERY ST,1758,2
405 MC INTOSH ST,1392,2
513 MC INTOSH ST,1408,2
601 MC INTOSH ST,1410,2
909 ROOSEVELT ST,3348,3
811 ROOSEVELT ST,3346,3
809 ROOSEVELT ST,3344,3
803 ROOSEVELT ST,3342,3
710 ROOSEVELT ST,3336,3
709 ROOSEVELT ST,3340,3
1200 ROOSEVELT ST,3308,3
202 PATRICK ST,3436,3
213 WILKSHIRE ST,3388,3
106 DEXTER ST,3402,3
201 LEE ST,3476,3
211 LEE ST,3496,3
214 LEE ST,3506,3
215 LEE ST,3504,3
902 MORRIS ST,3554,3
904 MORRIS ST,3558,3
702 MC INTOSH ST,1415,2
107 MALLOY,1414,2
109 W TOOMBS ST,2030,2
712 THOMPSON ST,2010,2
704 MONTGOMERY ST,2000,2
701 MONTGOMERY ST,2002,2
711 N MONTGOMERY ST,2006,2
102 GWENDOLYN DR.,5578,5
406 W TOOMBS ST,1978,2
616 MCINTOSH ST.,1418,2
604 WARD ST,1610,2
510 WARD ST,1612,2
502-B MCINTOSH ST.,1429,2
502-C MCINTOSH ST.,1429,2
315 ORANGE ST,1640,2
411 WEST ST,1650,2
503 WEST ST,1652,2
702 DAVID DR.,5986,5
506 W. 9TH ST.,6034,5
500-B MCINTOSH ST.,1429,2
507 PEACHTREE ST,1784,2
508 WEST ST,1680,2
601 PEACHTREE ST,1790,2
604 NORTH ST,1802,2
500-C MCINTOSH ST.,1429,2
505 LYDIA DR,1964,2
703 WEST ST,1974,2
605 ORANGE ST,1796,2
602 ORANGE ST,2076,2
603 PEACHTREE ST,1792,2
604 DONOVAN ST,2106,2
213 BROWN ST.,2126,2
208 BROWN ST,2128,2
200 BROWN ST,2132,2
500 PINE ST,2136,2
406 PINE ST,2138,2
401 PINE ST,2144,2
104 COLLEGE ST,2150,2
305 E 3RD ST,122,1
109 E 6TH ST,5300,5
106 E 6TH ST,5286,5
510 CHURCH ST,5782,5
502 CHURCH ST,5788,5
404 CHURCH ST,5794,5
303 W FIRST ST,1072,2
401 W FIRST ST,1078,2
913 NORTHGATE CIRCLE,1916,2
503-E CHURCH ST,5422,5
1800 ANDERSON ST,886,1
106 W 7TH ST,5486,5
101 E 6TH ST,5296,5
513 W TOOMBS ST,2062,2
606 CHURCH ST,5774,5
506 CHURCH ST,5784,5
105 W. 7TH ST,5484,5
504 CHURCH ST,5786,5
408 CHURCH ST,5792,5
402 CHURCH ST,5796,5
407 W FIRST ST,1082,2
103 CURRIE ST,1116,2
102-A COLLEGE ST,1074,2
102-B COLLEGE ST,1076,2
606 MCINTOSH ST.,1422,2
414-B MCINTOSH ST.,1429,2
606.5 CHURCH ST,5772,5
920 NORTHGATE CIRCLE,1892,2
500 CHURCH ST,5790,5
1302 CLAYTON ST.,5576,5
404-D W. 2ND ST.,6132,5
404-B W. 2ND ST.,6128,5
404-C W 2ND ST,6130,5
701 BAY ST.,530,1
501 ADAMS ST,5800,5
203 W 5TH ST,5934,5
507 ADAMS ST,5806,5
504 ADAMS ST,5940,5
502-A ADAMS ST.,5944,5
500 ADAMS ST,5946,5
206-A W. 4TH ST,5950,5
206-B W 4TH ST,5948,5
406-B ADAMS ST,5958,5
607 ADAMS ST,5818,5
609 ADAMS ST,5820,5
706 ADAMS ST,5914,5
703 ADAMS ST,5826,5
804 ADAMS ST,5904,5
806 ADAMS ST,5902,5
204.5 W 8TH ST,5892,5
1002 ADAMS ST,5852,5
903 ARNAU ST,5870,5
1004 ADAMS ST,5854,5
707 ADAMS ST,5830,5
702 ADAMS ST,5918,5
705 ADAMS ST,5828,5
902-A ADAMS ST,5886,5
300 W 9TH ST,6052,5
302 W 9TH ST,6050,5
401 W 9TH ST,6026,5
405 W 9TH ST,6028,5
915 BAY ST.,670,1
1001 DARBY CIR.,6036,5
1000 DARBY CIR.,6038,5
1003 DARBY CIR.,6042,5
1101 DARBY CIR,6044,5
1804 ALMA PL,906,1
1005 VANN ST,6046,5
904 VANN ST,6054,5
903 VANN ST,6024,5
900-B VANN ST,6058,5
806 VANN ST,6064,5
501 W 7TH ST,5970,5
607 W 7TH ST,5976,5
613 1ST AVE.,2356,3
605 W 7TH ST,5974,5
701 W 7TH ST,5982,5
608 W 7TH ST,5988,5
414 LYNDA DR,5996,5
413 LYNDA DR,6002,5
402 W 7TH ST,6014,5
307 W 6TH ST,6082,5
602 VANN ST.,6092,5
502 VANN ST,6102,5
403 W 3RD ST,6112,5
405 W 3RD ST,6114,5
603 JACKSON ST.,5276,5
901 PEACOCK ST.,3270,3
402 CURRY ST,6310,5
406 CURRIE ST,6308,5
503 W 4TH ST,6248,5
507 W 4TH ST,6250,5
107 WILSHIRE ST.,3384,3
907 PEACOCK ST.,3276,3
909 PEACOCK ST.,3278,3
402 KENWORTH ST,6256,5
401 KENWORTH ST,6294,5
704 MOSLEY ST.,238,1
918 NORTHGATE CIRCLE,1894,2
504 W 3RD ST,6232,5
502 W 3RD ST,6234,5
307 CURRIE ST,6226,5
303 CURRIE ST,6224,5
1009 PEACOCK ST.,3286,3
1103 ROOSEVELT ST.,3352,3
1203 ROOSEVELT ST.,3366,3
607 A JACKSON ST.,5280,5
507 W 2ND ST,6156,5
503-B W 2ND ST,6150,5
403 W. TOOMBS ST.,2052,2
303.5 KENWORTH ST,6286,5
911-B GEORGIA ST.,1866,2
303 KENWORTH ST,6284,5
909 NORTHGATE CIRCLE,1914,2
910 NORTHGATE CIRCLE,1900,2
707 W 2ND ST,6168,5
707.5 W 2ND ST,6170,5
205 DAVID ST,6180,5
917 NORTHGATE CIRCLE,1918,2
806 W 2ND ST,6192,5
903 NORTHGATE CIRCLE,1912,2
805 W 3RD ST,6200,5
402 TRUETT ST.,1622,2
800 W 3RD ST,6206,5
705 WARD ST.,1986,2
502 WARD ST.,1616,2
202 KENWORTH ST,6274,5
204 KENWORTH ST,6272,5
501 W. PEACHTREE ST.,1780,2
901 NORTHGATE CIRCLE,1910,2
1105 MT VERNON RD,1124,2
107 HUDSON DR,1152,2
105.5 HUDSON DR,1150,2
106 HUDSON DR,1126,2
102 HUDSON DR,1130,2
105 HUDSON DR,1148,2
1110 BRICE RD,1132,2
101 HUDSON DR,1140,2
101 A-B HUDSON DR,1142,2
105 MORNINGSIDE DR,1216,2
107 MORNINGSIDE DR,1218,2
102 MORNINGSIDE DR,1210,2
110 MORNINSIDE DR,1202,2
108 MORNINGSIDE DR,1204,2
503 W. PEACHTREE ST.,1782,2
114 BLVD DR.,1232,2
112 BLVD DR.,1234,2
501 GEORGIA AVE.,1698,2
711 GEORGIA AVE.,1800,2
109 BOULEVARD DR.,1248,2
102 BOULEVARD DR.,1242,2
101 CENTRAL DR,1272,2
102 CENTRAL DR,1268,2
104 CENTRAL DR,1266,2
106 CENTRAL DR,1264,2
105 CENTRAL DR,1276,2
107 CENTRAL DR,1278,2
113 CENTRAL DR,1284,2
112 CENTRAL DR,1258,2
1405 PARKWAY DR,1256,2
112 SUNSET DR,1292,2
110 SUNSET DR,1294,2
106 SUNSET DR,1296,2
503 E. 8TH ST.,662,1
115 BOULEVARD DR.,1254,2
713 GEORGIA AVE.,1850,2
509 W. TOOMBS ST.,2059,2
1102 MT VERNON RD,1336,2
508 W. TOOMBS ST.,1948,2
405 DURDEN ST.,12,1
511 BAY ST.,474,1
418 CHARLES DR,1360,2
410 CHARLES DR,1364,2
904 W FIRST ST,1374,2
501 NORTH ST.,1790,2
505 E 5TH ST,476,1
603 BAY ST,508,1
605 BAY ST,510,1
703 BAY ST,532,1
707 BAY ST,540,1
711 BAY ST,542,1
507 E 7TH ST,546,1
601 E 7TH ST,548,1
613 E 7TH ST,558,1
705 E 7TH ST,564,1
711 E 7TH ST,568,1
723 E 7TH ST,578,1
731 E 7TH ST,586,1
726 E 7TH ST,596,1
722 E 7TH ST,600,1
600 E 7TH ST,656,1
607 E 6TH ST,494,1
728 MIKE ST,608,1
604 E 6TH ST,498,1
506 NORTH ST.,1806,2
801 E 5TH ST,3704,4
904 NORTHGATE CIRCLE,1904,2
302-B MADISON ST,3782,4
302-A MADISON ST,3784,4
905 E 2ND ST,3790,4
907 E 2ND ST,3792,4
306-A WINONA ST,3814,4
306-D WINONA ST,3820,4
304-A WINONA ST,3830,4
405 MADISON ST,3836,4
407 MADISON ST,3838,4
808 E 4TH ST,3846,4
806 E 4TH ST,3848,4
507 MADISON ST,3872,4
307 BROADFOOT BLVD,3904,4
1105 PERRYMAN DR,3920,4
501 BROADFOOT BLVD,3922,4
505 BROADFOOT BLVD,3926,4
601 BROADFOOT BLVD,3930,4
605 BROADFOOT BLVD,3934,4
MEADOWS SCHOOL,3938,4
602 BROADFOOT BLVD,3940,4
609 WATERS DR,3950,4
801 WATERS DR,3958,4
1408 CHENEY DR,3962,4
1521 CHENEY DR,3990,4
1518 CHENEY DR,3992,4
1512 CHENEY DR,3998,4
1503 RIDGEWAY DR,4014,4
1501 BOBBY DR,4036,4
1504 BOBBY DR,4044,4
507 VIRGINIA WAY,4062,4
500 BROADFOOT BLVD,4068,4
1206 PERRYMAN DR,4074,4
1202 JUDY PLACE,4078,4
1203 JUDY PLACE,4080,4
1304 CHENEY DR,4088,4
1300 CHENEY DR,4092,4
404 PEACOCK ST.,3098,3
1206 CHENEY DR,4094,4
1210 RHODUS DR,4096,4
1409 ACTON DR,5014,4
1511 CHENEY DR,5020,4
1500 ACTON DR,5022,4
1408 ACTON DR,5024,4
1404 ACTON DR,5028,4
1402 ACTON DR,5030,4
1300 ACTON DR,5036,4
1202 RHODUS DR,5038,4
1200 RHODUS DR,5040,4
1201 CHENEY DR,5042,4
1906 ONEAL CIRCLE,848,1
409 VIRGINIA WAY,5058,4
504 VIRGINIA WAY,5060,4
404 VIRGINIA WAY,5066,4
302 VIRGINIA WAY,5074,4
1402 CHENEY DR,5078,4
1407 CHENEY DR,5080,4
1524 CHENEY DR,5096,4
1516 CHENEY DR,5098,4
1512 CHENEY DR,5100,4
1506 CHENEY DR,5104,4
1500 CHENEY DR,5106,4
218 RIGSBEE DR,5108,4
216 RIGSBEE DR,5110,4
701 DONOVAN ST.,2086,2
215 RIGSBEE DR,5114,4
1406 CHENEY DR,5116,4
1406 MEADOWS LANE,5118,4
1301 MEADOWS LANE,5142,4
407 RIGSBEE DR,5164,4
206 E. 5TH AVE,3258,3
502 MORRIS ST,2178,3
404-A PINECREST DR.,676,1
207 E JENKINS ST,2598,3
206 E. JENKINS ST,2668,3
407 DURDEN ST.,14,1
300 E. 1ST AVE,2460,3
310 E. 1ST AVE,2458,3
709 GEORGIA ST,1848,2
518  1ST AVE,2426,3
601 1ST AVE,2350,3
606  1ST AVE,2416,3
604 1ST AVE,2418,3
103 STANFORD ST,2382,3
704 SCHLEY ST,2398,3
202 LIVELY ST,2272,3
206 LIVELY ST,2268,3
208 LIVELY ST,2266,3
210 LIVELY ST,2264,3
209 EPSTINE ST,2292,3
204 MACON AVE,2436,3
ZORNS TR PK. 8-B,2236,3
ZORNS TR. PK. 9-B,2238,3
ZORNS TR. PK. 10-B,2240,3
ZORNS TR. PK. 11-B,2242,3
ZORNS TR. PK. 12-B,2244,3
ZORNS TR.PK. 2-A,2200,3
ZORNS TR. PK. 1-A,2198,3
ZORNS TR. PK. 3-A,2202,3
ZORNS TR. PK. 4-A,2204,3
ZORNS TR. PK. 5-A,2206,3
ZORNS TR. PK. 6-A,2208,3
ZORNS TR. PK. 7-A,2210,3
ZORNS TR. PK. 8-A,2212,3
ZORNS TR. PK. 9-A,2214,3
ZORNS TR. PK. 10-A,2216,3
ZORNS TR. PK. 11-A,2218,3
ZORNS TR. PK. 12-A,2220,3
111.5 GRANDE,2542,3
210 WASHINGTON ST,2944,3
808 3RD AVE,2796,3
403 WASHINGTON ST,2962,3
405 WASHINGTON ST,2964,3
312 5TH AVE.,3254,3
1012 MT VERNON RD,1368,2
942 NORTH CIRCLE DR,1876,2
811 E. 4TH AVE,2920,3
905 E. 5TH AVE,3148,3
909 5TH AVE,3152,3
916 E. 5TH AVE,3154,3
810 E. 5TH AVE,3168,3
804 E. 5TH AVE,3172,3
510 WASHINGTON ST,2984,3
901 E. NORTH ST,3212,3
1648 HOUSTON DR.,986,1
410 DICKERSON DR.,3026,3
1707 KNOLLWOOD DR.,828,1
706-E CHURCH ST.,5770,5
609 WHITE ST,3200,3
303 5TH AVE,3112,3
902 NORTHGATE CIRCLE,1906,2
410 4TH AVE,3018,3
412 4TH AVE,3016,3
626 E. 4TH AVE,2992,3
702 E. 4TH AVE,2990,3
626 3RD AVE,2812,3
616 E. 3RD AVE,2820,3
600 ADAMS ST.,5928,5
901-A ADAMS ST.,5842,5
503 3RD AVE,2752,3
505-B GREEN ST.,332,1
207 WASHINGTON ST,2950,3
303 WASHINGTON ST,2956,3
102 EPSTINE ST,2346,3
411 3RD AVE,2720,3
602 3RD AVE,2830,3
ZORN TR. PK. 4-B,2228,3
903-B ADAMS ST.,5848,5
903-A ADAMS ST.,5846,5
804 VANN ST.,6066,5
311 E. 3RD AVE,2708,3
407 W. 3RD. ST.,6116,5
412 W. 4TH ST.,6306,5
402 E. JENKINS ST,2652,3
912 GEORGIA ST.,1908,2
406 KENWORTH ST.,6252,5
513 E. JENKINS ST,2622,3
312 EPSTINE ST,2312,3
405 KENWORTH ST.,6296,5
805 ARNAU ST.,5868,5
512 E. 2ND AVE,2572,3
506 2ND AVE,2576,3
502 2ND AVE,2580,3
409 E. 2ND AVE,2486,3
940 NORTHGATE CIRCLE,1878,2
502 W. 2ND ST.,6220,5
506 W. 2ND ST.,6216,5
301 KENWORTH ST.,6282,5
800 W. 2ND ST.,6198,5
206 KENWORTH ST.,6270,5
205 KENWORTH ST.,6278,5
1106 BRICE RD.,1134,2
921 NORTHGATE CIRCLE,1920,2
113 MORNINGSIDE DR.,1224,2
115 MORNINGSIDE DR.,1226,2
1305 PARKWAY DR.,1230,2
923 NORTHGATE CIRCLE,1922,2
913 GEORGIA ST.,1870,2
1504 PARKWAY DR.,1326,2
916 GEORGIA ST.,1928,2
107 SUNSET DR.,1310,2
910 GEIRGIA ST.,1932,2
105 SUNSET DR.,1308,2
1100 MT. VERNON RD.,1338,2
601 CHASTAIN DR.,1354,2
1006 MT. VERNON RD.,1370,2
411 BAY ST.,456,1
505-A 6TH ST.,522,1
601 E. 5TH ST.,480,1
1001 E. 5TH ST.,3656,4
706-C SMITH ST.,3650,4
408 MADISON ST.,3766,4
404 MADISON ST.,3768,4
402 MADISON ST.,3770,4
903 E 2ND ST.,3788,4
802 E. 3RD ST.,3808,4
801 E. 3RD ST.,3810,4
409 MADISON ST.,3840,4
411 MADISON ST.,3842,4
303 BROADFOOT BLVD.,3902,4
407 BROADFOOT BLVD.,3912,4
503 BROADFOOT BLVD.,3924,4
507 BROADFOOT BLVD.,3928,4
605.5 BROADFOOT BLVD.,3936,4
"400 B. MAIN ST., N.W.",1102,2
1505 CHENEY DR.,3978,4
1509 CHENEY DR.,3982,4
1505 BOBBY DR.,4038,4
1307 ACTON DR.,5004,4
405 VIRGINIA  WAY,5056,4
705 BAY ST,536,1
402 BOBBY DR.,5198,4
110 BEECHWOOD DR.,5612,5
911 GEORGIA ST.,1864,2
901 GEORGIA ST.,1854,2
207 E. 6TH ST.,5360,5
1621 HOUSTON DR.,950,1
1623 HOUSTON DR.,952,1
1625 HOUSTON DR.,954,1
1631 HOUSTON DR.,956,1
1639 HOUSTON DR.,958,1
101 MABETH ST.,5570,5
1649 HOUSTON DR.,964,1
1642 HOUSTON DR.,988,1
820 BARKSDALE DR.,984,1
824 BARKSDALE DR.,982,1
835 BARKSDALE DR.,978,1
1624 HOUSTON DR.,992,1
914 GEORGIA ST.,1930,2
1620 HOUSTON DR.,994,1
808 GREEN ST.,380,1
105 REDWOOD DR.,5628,5
1700 LAKESIDE DR. APT.B,922,1
1700 LAKESIDE DR. APT.A,924,1
502 W. TOOMBS. ST.,1954,2
816 MCLEMORE DR,1060,1
111 SUNSET DR.,1312,2
1306 FOREST HILL CIRCLE,772,1
909 GEORGIA ST.,1862,2
109 GRAND ST.,2538,3
918 GEORGIA ST,1926,2
312 GRAND ST.,2790,3
1311 CAROLINE DR.,5558,5
400 MARCLIFF RD.,794,1
1705 ALMA PLACE,740,1
1407 CENTER DR.,712,1
1200 BRUMETTE ST.,5706,5
1105 CENTER DR.,692,1
305 LEWIS DR.,5688,5
2010 ANDERSON ST.,890,1
805 BARKSDALE,966,1
813 BARKSDALE,970,1
831 BARKSDALE,976,1
830 BARKSDALE,980,1
1630 HOUSTON DR.,990,1
1616 HOUSTON,996,1
1643 HOUSTON DR.,960,1
1647 HOUSTON,962,1
1613 HOUSTON,946,1
1615 HOUSTON,948,1
817 ESTROFF DR.,940,1
821 ESTROFF DR.,942,1
107 DOGWOOD DR.,5676,5
109 DOGWOOD DR.,5678,5
1709 KNOLLWOOD ST.,830,1
101 AMBERWOOD DR.,836,1
205 AMBERWOOD DR.,840,1
209 AMBERWOOD DR.,844,1
1904 O'NEAL CIRCLE,850,1
219 AMBERWOOD DR.,870,1
220 AMBERWOOD DR.,806,1
218 AMBERWOOD DR.,808,1
212 AMBERWOOD DR.,810,1
1704 RIDGEWOOD PLACE,820,1
907 GEORGIA ST.,1860,2
905 GEORGIA ST.,1858,2
304 W. 5TH ST.,6096,5
906 GREEN ST.,372,1
906 GEORGIA ST.,1936,2
602 CHURCH ST.,5778,5
1103 ADAMS ST.,6048,5
402 LEWIS DR.,5698,5
411 W. TOOMBS ST.,2056,2
305 3RD AVE.,2704,3
111 W. TOOMBS ST.,2032,2
103 W. TOOMBS ST.,2028,2
607 B JACKSON ST.,5284,5
200 WILKSHIRE ST.,3382,3
1300 PEACOCK ST.,3298,3
1211 ROOSEVELT ST.,3370,3
405 12TH AVE.,3360,3
1111 ROOSEVELT ST.,3358,3
1007 PEACOCK ST.,3284,3
805 PEACOCK ST.,3268,3
411 MCINTOSH ST.,1396,2
1509 MEADOWS LN.,5152,4
207 PEACHTREE,1736,2
406 NORTH ST.,1810,2
614 N. MONTGOMERY ST.,1754,2
610 WEST ST.,1672,2
606 WEST ST.,1676,2
211 OAK ST.,1454,2
304 MONTGOMERY ALLEY,1500,2
131-B NW MAIN ST.,1389,2
207 E. 6TH ST.,5358,5
612 CHASTAIN DR.,1356,2
407 CHARLES DR.,1340,2
1500 PARKWAY DR.,1330,2
208 SUNSET DR.,1324,2
205 SUNSET DR.,1320,2
201 SUNSET DR.,1318,2
101 SUNSET DR.,1306,2
113 SUNSET DR.,1314,2
103 BOULEVARD DR.,1244,2
107 BOULEVARD DR.,6204,2
111 BOULEVARD DR.,1250,2
201 MORNINGSIDE DR.,1228,2
109 MORNINGSIDE DR.,1220,2
100 MORNINGSIDE DR.,1212,2
502 E. 8TH ST.,660,1
500 FERNCLIFF DR.,730,1
207 KENWORTH ST.,6280,5
700 W. 2ND ST.,6214,5
802 W. 3RD ST.,6204,5
804 W. 3RD ST.,6203,2
802 W. 2ND ST.,6196,5
900 W. 2ND ST.,6190,5
805 W. 2ND ST.,6188,5
703 W. 2ND ST.,6164,5
305 KENWORTH ST.,6288,5
205 CURRIE ST.,6142,5
503-C W. 2ND ST.,6152,5
306 KENWORTH ST.,6260,5
404 KENWORTH ST.,6254,5
407 CURRIE ST.,6244,5
403 CURRIE ST.,6240,5
407 W. 2ND ST.,6134,5
407 SLAYTON ST.,5250,4
304 SLAYTON ST.,5238,4
504 SLAYTON ST.,5230,4
1404 PERRYMAN DR.,5212,4
1500 PERRYMAN DR.,5208,4
1513 MEADOWS LANE,5154,4
1201 MEADOWS LANE,5138,4
1104 MEADOWS LANE,5130,4
212 RIGSBEE DR.,5112,4
705 WATERS DR.,3956,4
502 WINONA ST.,3894,4
802 E. 5TH ST.,3884,4
806 SMITH ST.,3636,4
804 SMITH ST.,3638,4
402 GREEN ST.,428,1
520 1ST AVE.,2424,3
711 WINONA ST.,3620,4
308 2ND AVE.,2592,3
313 2ND AVE.,2478,3
407 2ND AVE.,2484,3
207 SCHUMPERT ST.,2740,3
208 SCHUMPERT ST.,2736,3
500 2ND AVE.,2582,3
514 2ND AVE.,2570,3
518 2ND AVE.,2568,3
301 EPSTEIN ST.,2302,3
303 EPSTEIN ST.,2304,3
310 EPSTEIN ST.,2314,3
302 EPSTEIN ST.,2326,3
304-C EPSTEIN ST.,2324,3
302.5 SCHUMPERT ST.,2728,3
414 E. JENKINS ST.,2642,3
408 E. JENKINS ST.,2648,3
401 E. JENKINS ST.,2610,3
302 E. JENKINS ST.,2664,3
304 E. JENKINS ST.,2662,3
306 3RD AVE.,2858,3
313 3RD AVE.,2710,3
405 3RD AVE.,2714,3
406 3RD AVE.,2854,3
408 3RD AVE.,2852,3
407 3RD AVE.,2716,3
409 3RD AVE.,2718,3
610 3RD AVE.,2822,3
611 E. 3RD AVE.,2770,3
618 E. 3RD AVE.,2818,3
617 E. 3RD AVE.,2774,3
403 SYMONDS ST.,2890,3
407 EPSTEIN ST.,2878,3
402 EPSTEIN ST.,2876,3
417 E. 4TH AVE.,2872,3
406 E. 4TH AVE.,3020,3
311 E. 5TH AVE.,3116,3
507 E. 5TH AVE.,3126,3
501 SYMOND ST.,2894,3
804 E. 4TH AVE.,2930,3
802 1ST AVE.,2946,3
800 1ST AVE.,2948,3
ZORNS TR. PK. C-4,2252,3
ZORNS TR. PK. C-3,2250,3
ZORNS TR. PK. C-2,2248,3
ZORNS TR. PK. C-1,2246,3
202 1ST AVE.,2474,3
200 1ST AVE.,2476,3
505 JACKSON ST.,5268,5
706 DIXIE DR,2096,2
803 DURDEN ST.,52,1
705 JACKSON ST.,5302,5
711 JACKSON ST.,5308,5
303 W TOOMBS ST,2042,2
1102 CHURCH ST.,5746,5
1005 CHURCH ST.,5522,5
806 CHURCH ST.,5758,5
105 E. 7TH ST.,5314,5
103 E. 7TH ST.,5312,5
706-B CHURCH ST.,5764,5
105 E. 6TH ST.,5298,5
604 CHURCH ST.,5776,5
603-B CHURCH ST.,5448,5
411 DURDEN ST.,18,1
406 DURDEN ST. APT-B,112,1
304 E. 3RD ST.,126,1
310 DURDEN ST.,128,1
302 E. 2ND ST.,140,1
915 GEORGIA ST.,1872,2
400 NORTH STREET,1816,2
1304 PARKWAY DR.,1332,2
119 SUNSET DR.,1316,2
101 MORNINGSIDE DR.,1214,2
400 KENWORTH ST.,6258,5
1005 ARNAU ST.,5858,5
408 W. 2ND ST.,6122,5
410 W. 2ND ST.,6120,5
412 W. 2ND ST.,6118,5
411 W. 1ST ST.,1088,2
101-B HUDSON DR.,1144,2
506 LEWIS DR.,5694,5
2010 BRENDA LANE,878,1
2009 BRENDA LANE,876,1
1907 ONEAL CIRCLE,866,1
1905 ONEAL CIRCLE,864,1
207 AMBERWOOD DR.,842,1
1505 CHURCH ST.,5650,5
106 REDWOOD DR.,5644,5
112 REDWOOD DR.,5640,5
117 REDWOOD DR.,5636,5
105 BEECHWOOD DR.,5600,5
1301 CHURCH ST.,5580,5
105 MABETH ST.,5564,5
100 C E. 6TH ST.,5290,5
100 D E. 6TH ST.,5288,5
1106 JACKSON ST.,5332,5
410 W. FIRST ST.,1378,2
901-B ADAMS ST.,5844,5
300-A SW MAIN ST,1114,2
300-B SW MAIN ST.,1112,2
300-C SW MAIN ST,1110,2
801 CHURCH ST.,5490,5
508 3RD AVE.,2838,3
510 JENKINS ST.,2636,3
213 PEACHTREE ST,1742,2
205 JENKINS ST.,2596,3
